Sample_name,R1,R2,N_forward,N_reverse,Mutated_seq,Pos_start,Replicate,Timepoint,Species,Mating_type,Fragment,Pos_stop,Drug,Analyze,Report
F13_T0_A_CTL,F13_T0_A_R1.fastq.gz,F13_T0_A_R2.fastq.gz,caaatccaaatgcgagatttttcccaggacc,cattttctgtaggtagttttccaggggattagc,F13,301,A,T0,SC,alp,F13,326,CTL,True,False
F13_T1_A_CTL,F13_T1_A_CTL_R1.fastq.gz,F13_T1_A_CTL_R2.fastq.gz,caaatccaaatgcgagatttttcccaggacc,cattttctgtaggtagttttccaggggattagc,F13,301,A,T1,SC,alp,F13,326,CTL,True,False
F13_T2_A_CTL,F13_T2_A_CTL_R1.fastq.gz,F13_T2_A_CTL_R2.fastq.gz,caaatccaaatgcgagatttttcccaggacc,cattttctgtaggtagttttccaggggattagc,F13,301,A,T2,SC,alp,F13,326,CTL,True,False
F13_T0_A_POSA,F13_T0_A_R1.fastq.gz,F13_T0_A_R2.fastq.gz,caaatccaaatgcgagatttttcccaggacc,cattttctgtaggtagttttccaggggattagc,F13,301,A,T0,SC,alp,F13,326,POSA,True,True
F13_T1_A_POSA,F13_T1_A_POSA_R1.fastq.gz,F13_T1_A_POSA_R2.fastq.gz,caaatccaaatgcgagatttttcccaggacc,cattttctgtaggtagttttccaggggattagc,F13,301,A,T1,SC,alp,F13,326,POSA,True,True
F13_T2_A_POSA,F13_T2_A_POSA_R1.fastq.gz,F13_T2_A_POSA_R2.fastq.gz,caaatccaaatgcgagatttttcccaggacc,cattttctgtaggtagttttccaggggattagc,F13,301,A,T2,SC,alp,F13,326,POSA,True,True
F13_T0_A_NQO,F13_T0_A_R1.fastq.gz,F13_T0_A_R2.fastq.gz,caaatccaaatgcgagatttttcccaggacc,cattttctgtaggtagttttccaggggattagc,F13,301,A,T0,SC,alp,F13,326,NQO,True,False
F13_T1_A_NQO,F13_T1_A_NQO_R1.fastq.gz,F13_T1_A_NQO_R2.fastq.gz,caaatccaaatgcgagatttttcccaggacc,cattttctgtaggtagttttccaggggattagc,F13,301,A,T1,SC,alp,F13,326,NQO,True,False
F13_T2_A_NQO,F13_T2_A_NQO_R1.fastq.gz,F13_T2_A_NQO_R2.fastq.gz,caaatccaaatgcgagatttttcccaggacc,cattttctgtaggtagttttccaggggattagc,F13,301,A,T2,SC,alp,F13,326,NQO,True,False
F13_T0_B_CTL,F13_T0_B_R1.fastq.gz,F13_T0_B_R2.fastq.gz,caaatccaaatgcgagatttttcccaggacc,cattttctgtaggtagttttccaggggattagc,F13,301,B,T0,SC,alp,F13,326,CTL,True,False
F13_T1_B_CTL,F13_T1_B_CTL_R1.fastq.gz,F13_T1_B_CTL_R2.fastq.gz,caaatccaaatgcgagatttttcccaggacc,cattttctgtaggtagttttccaggggattagc,F13,301,B,T1,SC,alp,F13,326,CTL,True,False
F13_T2_B_CTL,F13_T2_B_CTL_R1.fastq.gz,F13_T2_B_CTL_R2.fastq.gz,caaatccaaatgcgagatttttcccaggacc,cattttctgtaggtagttttccaggggattagc,F13,301,B,T2,SC,alp,F13,326,CTL,True,False
F13_T0_B_POSA,F13_T0_B_R1.fastq.gz,F13_T0_B_R2.fastq.gz,caaatccaaatgcgagatttttcccaggacc,cattttctgtaggtagttttccaggggattagc,F13,301,B,T0,SC,alp,F13,326,POSA,True,True
F13_T1_B_POSA,F13_T1_B_POSA_R1.fastq.gz,F13_T1_B_POSA_R2.fastq.gz,caaatccaaatgcgagatttttcccaggacc,cattttctgtaggtagttttccaggggattagc,F13,301,B,T1,SC,alp,F13,326,POSA,True,True
F13_T2_B_POSA,F13_T2_B_POSA_R1.fastq.gz,F13_T2_B_POSA_R2.fastq.gz,caaatccaaatgcgagatttttcccaggacc,cattttctgtaggtagttttccaggggattagc,F13,301,B,T2,SC,alp,F13,326,POSA,True,True
F13_T0_B_NQO,F13_T0_B_R1.fastq.gz,F13_T0_B_R2.fastq.gz,caaatccaaatgcgagatttttcccaggacc,cattttctgtaggtagttttccaggggattagc,F13,301,B,T0,SC,alp,F13,326,NQO,True,False
F13_T1_B_NQO,F13_T1_B_NQO_R1.fastq.gz,F13_T1_B_NQO_R2.fastq.gz,caaatccaaatgcgagatttttcccaggacc,cattttctgtaggtagttttccaggggattagc,F13,301,B,T1,SC,alp,F13,326,NQO,True,False
F13_T2_B_NQO,F13_T2_B_NQO_R1.fastq.gz,F13_T2_B_NQO_R2.fastq.gz,caaatccaaatgcgagatttttcccaggacc,cattttctgtaggtagttttccaggggattagc,F13,301,B,T2,SC,alp,F13,326,NQO,True,False
F13_T0_C_CTL,F13_T0_C_R1.fastq.gz,F13_T0_C_R2.fastq.gz,caaatccaaatgcgagatttttcccaggacc,cattttctgtaggtagttttccaggggattagc,F13,301,C,T0,SC,alp,F13,326,CTL,True,False
F13_T1_C_CTL,F13_T1_C_CTL_R1.fastq.gz,F13_T1_C_CTL_R2.fastq.gz,caaatccaaatgcgagatttttcccaggacc,cattttctgtaggtagttttccaggggattagc,F13,301,C,T1,SC,alp,F13,326,CTL,True,False
F13_T2_C_CTL,F13_T2_C_CTL_R1.fastq.gz,F13_T2_C_CTL_R2.fastq.gz,caaatccaaatgcgagatttttcccaggacc,cattttctgtaggtagttttccaggggattagc,F13,301,C,T2,SC,alp,F13,326,CTL,True,False
F13_T0_C_POSA,F13_T0_C_R1.fastq.gz,F13_T0_C_R2.fastq.gz,caaatccaaatgcgagatttttcccaggacc,cattttctgtaggtagttttccaggggattagc,F13,301,C,T0,SC,alp,F13,326,POSA,True,True
F13_T1_C_POSA,F13_T1_C_POSA_R1.fastq.gz,F13_T1_C_POSA_R2.fastq.gz,caaatccaaatgcgagatttttcccaggacc,cattttctgtaggtagttttccaggggattagc,F13,301,C,T1,SC,alp,F13,326,POSA,True,True
F13_T2_C_POSA,F13_T2_C_POSA_R1.fastq.gz,F13_T2_C_POSA_R2.fastq.gz,caaatccaaatgcgagatttttcccaggacc,cattttctgtaggtagttttccaggggattagc,F13,301,C,T2,SC,alp,F13,326,POSA,True,True
F13_T0_C_NQO,F13_T0_C_R1.fastq.gz,F13_T0_C_R2.fastq.gz,caaatccaaatgcgagatttttcccaggacc,cattttctgtaggtagttttccaggggattagc,F13,301,C,T0,SC,alp,F13,326,NQO,True,False
F13_T1_C_NQO,F13_T1_C_NQO_R1.fastq.gz,F13_T1_C_NQO_R2.fastq.gz,caaatccaaatgcgagatttttcccaggacc,cattttctgtaggtagttttccaggggattagc,F13,301,C,T1,SC,alp,F13,326,NQO,True,False
F13_T2_C_NQO,F13_T2_C_NQO_R1.fastq.gz,F13_T2_C_NQO_R2.fastq.gz,caaatccaaatgcgagatttttcccaggacc,cattttctgtaggtagttttccaggggattagc,F13,301,C,T2,SC,alp,F13,326,NQO,True,False
