Sample_name,R1,R2,N_forward,N_reverse,Pos_start,Pos_stop,Replicate,Fragment,Timepoint,Mutated_seq,Species,Drug,Analyze,Report
Barc_T0_A_CTL,Barc_T0_A_R1.fastq.gz,Barc_T0_A_R2.fastq.gz,'TCGTCGGCAGCGTCAGATGTGTATAAGAGACAG;optional...CTGTCTCTTATACACATCTCCGAGCCCACGAGAC','GTCTCGTGGGCTCGGAGATGTGTATAAGAGACAG;optional...CTGTCTCTTATACACATCTGACGCTGCCGACGA',301,326,A,F13,T0,F13,SC,CTL,True,True
Barc_T1_A_CTL,Barc_T1_A_CTL_R1.fastq.gz,Barc_T1_A_CTL_R2.fastq.gz,'TCGTCGGCAGCGTCAGATGTGTATAAGAGACAG;optional...CTGTCTCTTATACACATCTCCGAGCCCACGAGAC','GTCTCGTGGGCTCGGAGATGTGTATAAGAGACAG;optional...CTGTCTCTTATACACATCTGACGCTGCCGACGA',301,326,A,F13,T1,F13,SC,CTL,True,True
Barc_T2_A_CTL,Barc_T2_A_CTL_R1.fastq.gz,Barc_T2_A_CTL_R2.fastq.gz,'TCGTCGGCAGCGTCAGATGTGTATAAGAGACAG;optional...CTGTCTCTTATACACATCTCCGAGCCCACGAGAC','GTCTCGTGGGCTCGGAGATGTGTATAAGAGACAG;optional...CTGTCTCTTATACACATCTGACGCTGCCGACGA',301,326,A,F13,T2,F13,SC,CTL,True,True
Barc_T0_A_POSA,Barc_T0_A_R1.fastq.gz,Barc_T0_A_R2.fastq.gz,'TCGTCGGCAGCGTCAGATGTGTATAAGAGACAG;optional...CTGTCTCTTATACACATCTCCGAGCCCACGAGAC','GTCTCGTGGGCTCGGAGATGTGTATAAGAGACAG;optional...CTGTCTCTTATACACATCTGACGCTGCCGACGA',301,326,A,F13,T0,F13,SC,POSA,True,True
Barc_T1_A_POSA,Barc_T1_A_POSA_R1.fastq.gz,Barc_T1_A_POSA_R2.fastq.gz,'TCGTCGGCAGCGTCAGATGTGTATAAGAGACAG;optional...CTGTCTCTTATACACATCTCCGAGCCCACGAGAC','GTCTCGTGGGCTCGGAGATGTGTATAAGAGACAG;optional...CTGTCTCTTATACACATCTGACGCTGCCGACGA',301,326,A,F13,T1,F13,SC,POSA,True,True
Barc_T2_A_POSA,Barc_T2_A_POSA_R1.fastq.gz,Barc_T2_A_POSA_R2.fastq.gz,'TCGTCGGCAGCGTCAGATGTGTATAAGAGACAG;optional...CTGTCTCTTATACACATCTCCGAGCCCACGAGAC','GTCTCGTGGGCTCGGAGATGTGTATAAGAGACAG;optional...CTGTCTCTTATACACATCTGACGCTGCCGACGA',301,326,A,F13,T2,F13,SC,POSA,True,True
Barc_T0_A_NQO,Barc_T0_A_R1.fastq.gz,Barc_T0_A_R2.fastq.gz,'TCGTCGGCAGCGTCAGATGTGTATAAGAGACAG;optional...CTGTCTCTTATACACATCTCCGAGCCCACGAGAC','GTCTCGTGGGCTCGGAGATGTGTATAAGAGACAG;optional...CTGTCTCTTATACACATCTGACGCTGCCGACGA',301,326,A,F13,T0,F13,SC,NQO,True,True
Barc_T1_A_NQO,Barc_T1_A_NQO_R1.fastq.gz,Barc_T1_A_NQO_R2.fastq.gz,'TCGTCGGCAGCGTCAGATGTGTATAAGAGACAG;optional...CTGTCTCTTATACACATCTCCGAGCCCACGAGAC','GTCTCGTGGGCTCGGAGATGTGTATAAGAGACAG;optional...CTGTCTCTTATACACATCTGACGCTGCCGACGA',301,326,A,F13,T1,F13,SC,NQO,True,True
Barc_T2_A_NQO,Barc_T2_A_NQO_R1.fastq.gz,Barc_T2_A_NQO_R2.fastq.gz,'TCGTCGGCAGCGTCAGATGTGTATAAGAGACAG;optional...CTGTCTCTTATACACATCTCCGAGCCCACGAGAC','GTCTCGTGGGCTCGGAGATGTGTATAAGAGACAG;optional...CTGTCTCTTATACACATCTGACGCTGCCGACGA',301,326,A,F13,T2,F13,SC,NQO,True,True
