,Drug,aa_pos,alt_aa,Nham_aa,mutation_type,s_T2_T0
0,CTL,301,*,1,nonsense,0.0079558959823292
1,CTL,301,C,1,missense,-0.0134927432287984
2,CTL,301,D,1,missense,-0.1888663611580495
3,CTL,301,E,1,missense,-0.081281221662333
4,CTL,301,F,1,missense,0.0406522236845824
5,CTL,301,G,1,missense,-0.10230290222521615
6,CTL,301,H,1,missense,0.0087823964966426
7,CTL,301,I,1,missense,0.007819354254157
8,CTL,301,K,1,missense,-0.0671655701544664
9,CTL,301,L,1,missense,-0.0794430826323101
10,CTL,301,M,1,missense,0.0233524925105638
11,CTL,301,N,1,missense,-0.1730036770754811
12,CTL,301,P,1,missense,-0.15650406051697185
13,CTL,301,Q,1,missense,-0.0397795657190227
14,CTL,301,R,1,missense,-0.2003689048969046
15,CTL,301,S,1,missense,-0.0865272068997964
16,CTL,301,T,1,missense,-0.0854195786547759
17,CTL,301,V,1,missense,-0.0228046728799797
18,CTL,301,W,1,missense,-0.0147930225360257
19,CTL,301,Y,1,missense,-0.065986863342304
20,CTL,302,*,1,nonsense,-0.0120917505513983
21,CTL,302,A,1,missense,-0.15140770683926486
22,CTL,302,C,1,missense,-0.0183846038701332
23,CTL,302,D,1,missense,-0.0824234563079304
24,CTL,302,E,1,missense,-0.0282325038221649
25,CTL,302,F,1,missense,-0.1164251890270964
26,CTL,302,G,1,missense,-0.1698927316994894
27,CTL,302,H,1,missense,-0.0683455939430153
28,CTL,302,I,1,missense,0.0082070078284224
29,CTL,302,L,1,missense,-0.0237691456070099
30,CTL,302,M,1,missense,-0.0532196306897618
31,CTL,302,N,1,missense,-0.0784598132509475
32,CTL,302,P,1,missense,-0.1096388316101506
33,CTL,302,Q,1,missense,-0.1240527590686789
34,CTL,302,R,1,missense,-0.0365793532280831
35,CTL,302,S,1,missense,-0.0915079256939188
36,CTL,302,T,1,missense,-0.1008357316820659
37,CTL,302,V,1,missense,-0.06087670362751625
38,CTL,302,W,1,missense,-0.045866273363354
39,CTL,302,Y,1,missense,0.0121298283611652
40,CTL,303,*,1,nonsense,0.0095169494022164
41,CTL,303,A,1,missense,0.02496360562092735
42,CTL,303,C,1,missense,-0.0747731881149079
43,CTL,303,D,1,missense,-0.0513963489307919
44,CTL,303,F,1,missense,-0.1855577718297374
45,CTL,303,G,1,missense,-0.1132192086146034
46,CTL,303,H,1,missense,-0.3830925605569177
47,CTL,303,I,1,missense,-0.0128670402463355
48,CTL,303,K,1,missense,-0.0528323271533701
49,CTL,303,L,1,missense,-0.1861428895918389
50,CTL,303,M,1,missense,-0.0497947480578185
51,CTL,303,N,1,missense,-0.1218931676339519
52,CTL,303,P,1,missense,-0.1323169508262314
53,CTL,303,Q,1,missense,-0.0578145324495866
54,CTL,303,R,1,missense,-0.0715571436745367
55,CTL,303,S,1,missense,-0.103533297109969
56,CTL,303,T,1,missense,-0.0682628953814274
57,CTL,303,V,1,missense,0.025482446985674503
58,CTL,303,W,1,missense,-0.065579150560838
59,CTL,303,Y,1,missense,-0.1498523439104943
60,CTL,304,*,1,nonsense,-0.016945125474727
61,CTL,304,A,1,missense,-0.14965976487879895
62,CTL,304,C,1,missense,-0.1510739990719989
63,CTL,304,D,1,missense,0.0248385826742666
64,CTL,304,E,1,missense,-0.2025364876422558
65,CTL,304,F,1,missense,-0.1953522940061535
66,CTL,304,G,1,missense,-0.16446517133485405
67,CTL,304,H,1,missense,-0.0271561913409571
68,CTL,304,I,1,missense,-0.1091757092610403
69,CTL,304,K,1,missense,-0.4999365862418601
70,CTL,304,L,1,missense,-0.1366901571606933
71,CTL,304,M,1,missense,-0.121893167633952
72,CTL,304,N,1,missense,-0.0774234878715963
73,CTL,304,P,1,missense,-0.16844151677158486
74,CTL,304,Q,1,missense,-0.2095476075798398
75,CTL,304,R,1,missense,-0.1238738536384695
76,CTL,304,S,1,missense,-0.0254507331801185
77,CTL,304,V,1,missense,-0.16389815122237375
78,CTL,304,W,1,missense,-0.136206672912987
79,CTL,304,Y,1,missense,-0.0701336088493795
80,CTL,305,*,1,nonsense,-0.0148195489908985
81,CTL,305,A,1,missense,-0.0964646832096628
82,CTL,305,C,1,missense,-0.0684125002057589
83,CTL,305,D,1,missense,-0.2628459392082966
84,CTL,305,F,1,missense,-0.0529417524688237
85,CTL,305,G,1,missense,-0.1761920292540659
86,CTL,305,H,1,missense,-0.1975401161930811
87,CTL,305,K,1,missense,0.0504301301816213
88,CTL,305,L,1,missense,0.0148997937924808
89,CTL,305,M,1,missense,0.0035743364839828
90,CTL,305,N,1,missense,-0.1029257972995112
91,CTL,305,P,1,missense,0.027264184470143747
92,CTL,305,Q,1,missense,-0.320989111253373
93,CTL,305,R,1,missense,-0.0960935827921367
94,CTL,305,S,1,missense,-0.0960935827921366
95,CTL,305,T,1,missense,-0.23396884140265428
96,CTL,305,V,1,missense,-0.036688751756350904
97,CTL,305,W,1,missense,-0.1700413694064396
98,CTL,305,Y,1,missense,-0.2085792383555336
99,CTL,306,*,1,nonsense,0.0351412818573125
100,CTL,306,A,1,missense,-0.1167018595806397
101,CTL,306,C,1,missense,-0.1631441710061795
102,CTL,306,D,1,missense,-0.3135493969355405
103,CTL,306,E,1,missense,-0.4922696267920026
104,CTL,306,F,1,missense,-0.07267893669039
105,CTL,306,G,1,missense,-0.18517470243949086
106,CTL,306,H,1,missense,-0.0206808764182339
107,CTL,306,I,1,missense,-0.1394182226445084
108,CTL,306,K,1,missense,-0.5119825039894866
109,CTL,306,L,1,missense,-0.1639546617621084
110,CTL,306,M,1,missense,-0.1744653982796149
111,CTL,306,N,1,missense,-0.0910972113429619
112,CTL,306,P,1,missense,-0.41921997740043726
113,CTL,306,Q,1,missense,-0.121893167633952
114,CTL,306,R,1,missense,-0.0834219969737192
115,CTL,306,S,1,missense,-0.1639546617621084
116,CTL,306,T,1,missense,-0.2612906191352312
117,CTL,306,V,1,missense,-0.13436629588581284
118,CTL,306,W,1,missense,-0.1424892448441825
119,CTL,307,*,1,nonsense,0.0239488091058536
120,CTL,307,A,1,missense,-0.14876629222131071
121,CTL,307,C,1,missense,-0.0057559801110797
122,CTL,307,D,1,missense,-0.3959732232470271
123,CTL,307,E,1,missense,-0.3959732232470271
124,CTL,307,F,1,missense,-0.0387344729013382
125,CTL,307,G,1,missense,-0.22936971670400935
126,CTL,307,H,1,missense,0.0383261093214431
127,CTL,307,K,1,missense,-0.1334402295308098
128,CTL,307,L,1,missense,-0.0403982947564985
129,CTL,307,M,1,missense,-0.1078022729140369
130,CTL,307,N,1,missense,-0.3654587910157286
131,CTL,307,P,1,missense,-0.13173562294132343
132,CTL,307,Q,1,missense,-0.121893167633952
133,CTL,307,R,1,missense,-0.2822724758500092
134,CTL,307,S,1,missense,-0.1585552898436594
135,CTL,307,T,1,missense,-0.0293216120340587
136,CTL,307,V,1,missense,-0.0131286177066641
137,CTL,307,W,1,missense,-0.1021802904364679
138,CTL,307,Y,1,missense,-0.0971630178303476
139,CTL,308,*,1,nonsense,0.0053823776003603
140,CTL,308,A,1,missense,-0.18128902845435435
141,CTL,308,C,1,missense,-0.1139970800533076
142,CTL,308,D,1,missense,-0.1944690939934069
143,CTL,308,E,1,missense,-0.1725394159899247
144,CTL,308,F,1,missense,-0.0171118523827779
145,CTL,308,G,1,missense,-0.24646619382472468
146,CTL,308,H,1,missense,-0.0573769473887729
147,CTL,308,I,1,missense,-0.1350266491244381
148,CTL,308,K,1,missense,-0.0282325038221649
149,CTL,308,L,1,missense,-0.0219633808856349
150,CTL,308,N,1,missense,-0.1351927692512516
151,CTL,308,P,1,missense,-0.15489691515789694
152,CTL,308,Q,1,missense,-0.0058838868914925
153,CTL,308,R,1,missense,-0.0829083412845302
154,CTL,308,S,1,missense,-0.1996997076278081
155,CTL,308,T,1,missense,-0.11198648405801025
156,CTL,308,V,1,missense,-0.02446783060735965
157,CTL,308,W,1,missense,0.0396285751478067
158,CTL,308,Y,1,missense,-0.3057635273463831
159,CTL,309,*,1,nonsense,-0.0360308853549624
160,CTL,309,A,1,missense,-0.2842434045776274
161,CTL,309,C,1,missense,-0.2675607865977798
162,CTL,309,D,1,missense,0.0184345731157661
163,CTL,309,E,1,missense,-0.33494435878443
164,CTL,309,F,1,missense,-0.0639247778084982
165,CTL,309,G,1,missense,-0.2625880560858376
166,CTL,309,H,1,missense,-0.1321958668169979
167,CTL,309,I,1,missense,-0.019580322205795
168,CTL,309,K,1,missense,-0.0988600261743139
169,CTL,309,M,1,missense,-0.1498523439104943
170,CTL,309,N,1,missense,-0.2049798305109136
171,CTL,309,P,1,missense,-0.121893167633952
172,CTL,309,Q,1,missense,-0.2222493648397398
173,CTL,309,R,1,missense,-0.0913787354026534
174,CTL,309,S,1,missense,-0.1759144637301018
175,CTL,309,T,1,missense,-0.18340949837264398
176,CTL,309,V,1,missense,-0.1708086167222401
177,CTL,309,W,1,missense,-0.2576153255738954
178,CTL,309,Y,1,missense,-0.2768355147087129
179,CTL,310,*,1,nonsense,0.0092811471020173
180,CTL,310,A,1,missense,-0.04681036109821695
181,CTL,310,C,1,missense,-0.0085196266246809
182,CTL,310,D,1,missense,-0.0763807055946526
183,CTL,310,E,1,missense,-0.3135493969355405
184,CTL,310,F,1,missense,-0.2197698229844537
185,CTL,310,G,1,missense,-0.13912194061248745
186,CTL,310,H,1,missense,-0.06236047417071
187,CTL,310,I,1,missense,-0.0495139587056836
188,CTL,310,K,1,missense,-0.1088758238304687
189,CTL,310,L,1,missense,-0.0273935746770285
190,CTL,310,M,1,missense,-0.0339064713953605
191,CTL,310,N,1,missense,-0.1576382134996517
192,CTL,310,P,1,missense,-0.0582798748669056
193,CTL,310,Q,1,missense,-0.1104070880711717
194,CTL,310,S,1,missense,-0.1150298181596893
195,CTL,310,T,1,missense,-0.0433183181318469
196,CTL,310,V,1,missense,-0.02958254806327855
197,CTL,310,W,1,missense,-0.087088838346374
198,CTL,310,Y,1,missense,-0.0599051829876424
199,CTL,311,*,1,nonsense,0.0335663666638828
200,CTL,311,A,1,missense,-0.01168912195358425
201,CTL,311,C,1,missense,0.0217753394606416
202,CTL,311,D,1,missense,-0.1956273409275858
203,CTL,311,E,1,missense,-0.1543882858697681
204,CTL,311,G,1,missense,0.016802344469420652
205,CTL,311,H,1,missense,0.0323188538571106
206,CTL,311,I,1,missense,0.0028333820020146
207,CTL,311,K,1,missense,-0.2189350780419706
208,CTL,311,L,1,missense,-0.022621944476295
209,CTL,311,M,1,missense,-0.0152310179330609
210,CTL,311,N,1,missense,-0.0592627022983814
211,CTL,311,P,1,missense,-0.20690845605325658
212,CTL,311,Q,1,missense,-0.1256263933589113
213,CTL,311,R,1,missense,-0.1639546617621084
214,CTL,311,S,1,missense,-0.0010971159882147
215,CTL,311,T,1,missense,-0.026777110494854553
216,CTL,311,V,1,missense,-0.00026849612994520045
217,CTL,311,W,1,missense,-0.0269973246806906
218,CTL,311,Y,1,missense,-0.0245213536777987
219,CTL,312,*,1,nonsense,0.0234393231293852
220,CTL,312,A,1,missense,0.01982851906233385
221,CTL,312,C,1,missense,-0.0251425819540133
222,CTL,312,D,1,missense,-0.0493005788209988
223,CTL,312,E,1,missense,-0.0165510653512284
224,CTL,312,G,1,missense,-0.0360761404122019
225,CTL,312,H,1,missense,0.0217857287349256
226,CTL,312,I,1,missense,-0.1648378617748549
227,CTL,312,K,1,missense,0.0497997489692514
228,CTL,312,L,1,missense,0.0191880184821637
229,CTL,312,M,1,missense,-0.110816565678705
230,CTL,312,N,1,missense,-0.048475860113596
231,CTL,312,P,1,missense,-0.10210626850016175
232,CTL,312,Q,1,missense,0.0022819284091336
233,CTL,312,R,1,missense,0.0236517016035961
234,CTL,312,S,1,missense,0.0001130080251539
235,CTL,312,T,1,missense,0.0443590690319324
236,CTL,312,V,1,missense,-0.0409776934970337
237,CTL,312,W,1,missense,0.0804303807058131
238,CTL,312,Y,1,missense,-0.0007092578751161
239,CTL,313,*,1,nonsense,0.0165682660858
240,CTL,313,A,1,missense,0.0059734599608582
241,CTL,313,C,1,missense,0.0005653388583122
242,CTL,313,E,1,missense,0.0219819712816986
243,CTL,313,F,1,missense,-0.0128913085004234
244,CTL,313,G,1,missense,-0.0329089795931703
245,CTL,313,H,1,missense,0.0157050101054282
246,CTL,313,I,1,missense,-0.0093976481534151
247,CTL,313,K,1,missense,-0.0019249792459442
248,CTL,313,L,1,missense,0.0332929960612995
249,CTL,313,M,1,missense,0.0192923601198294
250,CTL,313,N,1,missense,0.0085340175037046
251,CTL,313,P,1,missense,-0.0387819733550396
252,CTL,313,Q,1,missense,0.0203932047336442
253,CTL,313,R,1,missense,-0.0258243181879657
254,CTL,313,S,1,missense,0.0011285932422304
255,CTL,313,T,1,missense,0.013908876639066951
256,CTL,313,V,1,missense,0.010304776291841249
257,CTL,313,W,1,missense,-0.0104717494387504
258,CTL,313,Y,1,missense,-0.0120106558163751
259,CTL,314,*,1,nonsense,-0.055933995653617
260,CTL,314,A,1,missense,0.02896457412259315
261,CTL,314,C,1,missense,-0.0071118162002125
262,CTL,314,D,1,missense,-0.0361911829403811
263,CTL,314,E,1,missense,0.0195839515304572
264,CTL,314,F,1,missense,0.0021707586846714
265,CTL,314,G,1,missense,-0.018014966148332152
266,CTL,314,H,1,missense,-0.0186661279298247
267,CTL,314,I,1,missense,-0.0088580817734389
268,CTL,314,K,1,missense,0.0059204633174091
269,CTL,314,L,1,missense,-0.0397795657190227
270,CTL,314,M,1,missense,-0.0224273202375251
271,CTL,314,N,1,missense,0.0255896655235183
272,CTL,314,P,1,missense,-0.12568253433732565
273,CTL,314,Q,1,missense,-0.0272948766414389
274,CTL,314,R,1,missense,0.0315186323277609
275,CTL,314,S,1,missense,0.0136998000147259
276,CTL,314,T,1,missense,0.0057157405111997
277,CTL,314,W,1,missense,-0.005623799793271
278,CTL,314,Y,1,missense,-0.0186183295533683
279,CTL,315,*,1,nonsense,-0.0099635683800302
280,CTL,315,A,1,missense,0.0196552319343038
281,CTL,315,D,1,missense,0.0229588002209932
282,CTL,315,E,1,missense,0.0311421352011852
283,CTL,315,F,1,missense,-0.0136183462470944
284,CTL,315,G,1,missense,0.0034114007947779997
285,CTL,315,H,1,missense,0.0083215636262036
286,CTL,315,I,1,missense,0.0158964238427947
287,CTL,315,K,1,missense,0.0040298922245561
288,CTL,315,L,1,missense,-0.0620180371939104
289,CTL,315,M,1,missense,-0.0172315848409838
290,CTL,315,N,1,missense,-0.0046426005043453
291,CTL,315,P,1,missense,-0.03014862360307665
292,CTL,315,Q,1,missense,-0.033760691245763
293,CTL,315,R,1,missense,0.0212492987435744
294,CTL,315,S,1,missense,0.0049935883132877
295,CTL,315,T,1,missense,0.0041346865491135
296,CTL,315,V,1,missense,-0.06282463166963234
297,CTL,315,W,1,missense,-0.0255863457121781
298,CTL,315,Y,1,missense,0.0021542168317621
299,CTL,316,*,1,nonsense,-0.0714522448845002
300,CTL,316,A,1,missense,-0.0106264026584843
301,CTL,316,C,1,missense,0.0280059131529876
302,CTL,316,D,1,missense,-0.0311432904767856
303,CTL,316,E,1,missense,-0.0213440412840058
304,CTL,316,G,1,missense,0.0081962213874082
305,CTL,316,H,1,missense,0.0357361668286621
306,CTL,316,I,1,missense,-0.0345489520846215
307,CTL,316,K,1,missense,-0.037400513818136
308,CTL,316,L,1,missense,-0.0802731139137972
309,CTL,316,M,1,missense,0.0155602027229288
310,CTL,316,N,1,missense,-0.0299316657669911
311,CTL,316,P,1,missense,-0.013376645823672848
312,CTL,316,Q,1,missense,-0.0396223407060284
313,CTL,316,R,1,missense,-0.0016402259358644
314,CTL,316,S,1,missense,0.0402273808456929
315,CTL,316,T,1,missense,0.03533462041003345
316,CTL,316,V,1,missense,-0.0350700514162294
317,CTL,316,W,1,missense,-0.008257912710485
318,CTL,316,Y,1,missense,0.0067535112005218
319,CTL,317,*,1,nonsense,0.0226043664382687
320,CTL,317,A,1,missense,-0.0023815357543077
321,CTL,317,C,1,missense,0.0148281933575817
322,CTL,317,D,1,missense,-0.0390879696356449
323,CTL,317,E,1,missense,-0.0342752545354426
324,CTL,317,F,1,missense,0.0110927002459432
325,CTL,317,G,1,missense,-0.01084618617909135
326,CTL,317,I,1,missense,-0.010807885803003
327,CTL,317,K,1,missense,-0.0099845463842805
328,CTL,317,L,1,missense,0.0282667551226809
329,CTL,317,M,1,missense,0.0184615965879359
330,CTL,317,N,1,missense,0.0086655261063891
331,CTL,317,P,1,missense,0.02889586668884385
332,CTL,317,Q,1,missense,0.0079558959823292
333,CTL,317,R,1,missense,0.0113900523277558
334,CTL,317,S,1,missense,0.0106870089599793
335,CTL,317,T,1,missense,-0.013513443947119499
336,CTL,317,V,1,missense,0.0013044105018791001
337,CTL,317,W,1,missense,-0.0438950449359884
338,CTL,317,Y,1,missense,-0.0311948114912064
339,CTL,318,*,1,nonsense,0.0083686360534649
340,CTL,318,A,1,missense,-0.0048875914093937
341,CTL,318,C,1,missense,0.021535904349859
342,CTL,318,D,1,missense,0.0245279612029601
343,CTL,318,E,1,missense,0.0147256382327723
344,CTL,318,F,1,missense,0.0442832297605131
345,CTL,318,G,1,missense,-0.0065349563614609495
346,CTL,318,I,1,missense,-0.0439275579220436
347,CTL,318,K,1,missense,0.0046901140433328
348,CTL,318,L,1,missense,0.0147072828720949
349,CTL,318,M,1,missense,0.0219201053090043
350,CTL,318,N,1,missense,-0.015479136416963
351,CTL,318,P,1,missense,-0.04209909784995385
352,CTL,318,Q,1,missense,0.0301768279080731
353,CTL,318,R,1,missense,0.001804421625812
354,CTL,318,S,1,missense,-0.0411874500057533
355,CTL,318,T,1,missense,0.00987414106385095
356,CTL,318,V,1,missense,0.014288656668579848
357,CTL,318,W,1,missense,-0.0499121018179317
358,CTL,318,Y,1,missense,0.0243058778975005
359,CTL,319,*,1,nonsense,0.0059761662757985
360,CTL,319,A,1,missense,-0.0088784388995301
361,CTL,319,C,1,missense,-0.0146858585593054
362,CTL,319,D,1,missense,-0.0010323583886356
363,CTL,319,E,1,missense,-0.0198049746073429
364,CTL,319,F,1,missense,0.0057567801610626
365,CTL,319,G,1,missense,0.015451701113934398
366,CTL,319,H,1,missense,-0.0394478192991572
367,CTL,319,K,1,missense,0.0009303785554299
368,CTL,319,L,1,missense,0.0072360410488364
369,CTL,319,M,1,missense,0.0365054545775876
370,CTL,319,N,1,missense,0.0217398687499766
371,CTL,319,P,1,missense,0.00710722175068145
372,CTL,319,Q,1,missense,0.024196392011985
373,CTL,319,R,1,missense,-0.0058838868914925
374,CTL,319,S,1,missense,-0.0058838868914925
375,CTL,319,T,1,missense,0.01309505695871065
376,CTL,319,V,1,missense,0.0350494998916213
377,CTL,319,W,1,missense,-0.0012157062404839
378,CTL,319,Y,1,missense,-0.0150740280293164
379,CTL,320,*,1,nonsense,-0.0274100647518262
380,CTL,320,A,1,missense,-0.013136711962522401
381,CTL,320,C,1,missense,0.0244763619903257
382,CTL,320,D,1,missense,0.0020246400970896
383,CTL,320,E,1,missense,0.0082793979740251
384,CTL,320,F,1,missense,-0.007423167768002
385,CTL,320,G,1,missense,0.023952511957491797
386,CTL,320,H,1,missense,-0.0232361323729902
387,CTL,320,I,1,missense,-0.0030803705190155
388,CTL,320,K,1,missense,0.0346494887548842
389,CTL,320,L,1,missense,0.0108666826369499
390,CTL,320,M,1,missense,-0.0128876708798315
391,CTL,320,P,1,missense,0.0303121587910068
392,CTL,320,Q,1,missense,0.0020122006891517
393,CTL,320,R,1,missense,0.0286770409580594
394,CTL,320,S,1,missense,0.0236145449363767
395,CTL,320,T,1,missense,0.00994255289151705
396,CTL,320,V,1,missense,-0.03537109973449385
397,CTL,320,W,1,missense,-0.0088875450274582
398,CTL,320,Y,1,missense,-0.0062457594952256
399,CTL,321,*,1,nonsense,-0.0198763917255694
400,CTL,321,A,1,missense,0.02350381158390455
401,CTL,321,C,1,missense,-0.0041330139059077
402,CTL,321,D,1,missense,0.0255084001594433
403,CTL,321,E,1,missense,0.0094519150069841
404,CTL,321,F,1,missense,-0.0065288434276759
405,CTL,321,G,1,missense,0.025869682285551948
406,CTL,321,H,1,missense,-0.01366975648065
407,CTL,321,I,1,missense,0.0119714128131108
408,CTL,321,K,1,missense,-0.065579150560838
409,CTL,321,L,1,missense,0.0037063286154488
410,CTL,321,M,1,missense,-0.0076932668278056
411,CTL,321,N,1,missense,-0.0056372162292665
412,CTL,321,P,1,missense,-0.047992356471372705
413,CTL,321,R,1,missense,-0.0258696502613805
414,CTL,321,S,1,missense,-0.0182075906182817
415,CTL,321,T,1,missense,0.02671288700892705
416,CTL,321,V,1,missense,-0.005335504678129351
417,CTL,321,W,1,missense,0.0199156979503227
418,CTL,321,Y,1,missense,0.0441854182640261
419,CTL,322,*,1,nonsense,0.0211241220739118
420,CTL,322,A,1,missense,-0.01264386942377825
421,CTL,322,C,1,missense,0.0168725956796522
422,CTL,322,D,1,missense,0.0339016520247233
423,CTL,322,E,1,missense,0.0406778952873667
424,CTL,322,F,1,missense,-0.0088622388508233
425,CTL,322,H,1,missense,0.0093860617643386
426,CTL,322,I,1,missense,0.0162371759401907
427,CTL,322,K,1,missense,0.0343075764520609
428,CTL,322,L,1,missense,0.0232299847480919
429,CTL,322,M,1,missense,0.0236768902580231
430,CTL,322,N,1,missense,0.030579559834434
431,CTL,322,P,1,missense,-0.013732605155787501
432,CTL,322,Q,1,missense,-0.2005558016377382
433,CTL,322,R,1,missense,-0.0112174633184515
434,CTL,322,S,1,missense,-0.0422131079192919
435,CTL,322,T,1,missense,0.0504301301816213
436,CTL,322,V,1,missense,-0.03031182765803905
437,CTL,322,W,1,missense,-0.0212786128179558
438,CTL,322,Y,1,missense,0.018013790960686
439,CTL,323,A,1,missense,-0.0452674676654678
440,CTL,323,D,1,missense,-0.007713041863455
441,CTL,323,F,1,missense,-0.0441841887119485
442,CTL,323,G,1,missense,0.0312817257418885
443,CTL,323,H,1,missense,-0.0026409563148102
444,CTL,323,I,1,missense,-0.0135610419500173
445,CTL,323,L,1,missense,0.01049436197784955
446,CTL,323,N,1,missense,-0.0515228060686737
447,CTL,323,P,1,missense,-0.0322517779296929
448,CTL,323,Q,1,missense,-0.0022584885174276
449,CTL,323,R,1,missense,0.0426442605924638
450,CTL,323,S,1,missense,-0.0004304360744377504
451,CTL,323,T,1,missense,0.0610601157344714
452,CTL,323,V,1,missense,-0.0439838702990172
453,CTL,323,W,1,missense,0.0969919123604806
454,CTL,323,Y,1,missense,0.0045284858182903
455,CTL,324,*,1,nonsense,0.032474037933156
456,CTL,324,A,1,missense,-0.16179022289088854
457,CTL,324,C,1,missense,-0.0211094707984824
458,CTL,324,D,1,missense,-0.192389986337112
459,CTL,324,E,1,missense,-0.0334631174565661
460,CTL,324,F,1,missense,-0.0490686470750247
461,CTL,324,G,1,missense,-0.01578508773094465
462,CTL,324,I,1,missense,-0.0058838868914925
463,CTL,324,K,1,missense,-0.0397795657190227
464,CTL,324,L,1,missense,0.0091141429165081
465,CTL,324,M,1,missense,-0.0096171126164519
466,CTL,324,N,1,missense,0.072411313344465
467,CTL,324,P,1,missense,-0.06586354508098896
468,CTL,324,Q,1,missense,-0.0441841887119486
469,CTL,324,R,1,missense,-0.0192803158265199
470,CTL,324,S,1,missense,0.0223590408189804
471,CTL,324,T,1,missense,0.0590148844094376
472,CTL,324,W,1,missense,0.0067134666940443
473,CTL,324,Y,1,missense,0.0084813784046626
474,CTL,325,*,1,nonsense,0.0402542432185977
475,CTL,325,A,1,missense,-0.03088601807276695
476,CTL,325,C,1,missense,0.0014345037428652
477,CTL,325,D,1,missense,-0.0037917844749889
478,CTL,325,E,1,missense,0.0043684418051153
479,CTL,325,F,1,missense,0.004561749460261
480,CTL,325,G,1,missense,-0.006084942660718
481,CTL,325,H,1,missense,-0.0069384966444922
482,CTL,325,I,1,missense,0.0237696909335497
483,CTL,325,K,1,missense,-0.1020186622114254
484,CTL,325,L,1,missense,0.0450965537546623
485,CTL,325,M,1,missense,-0.0823297200892806
486,CTL,325,N,1,missense,-0.069548491087278
487,CTL,325,P,1,missense,-0.009461991976173399
488,CTL,325,Q,1,missense,-0.005526648732331
489,CTL,325,R,1,missense,-0.1857211354483927
490,CTL,325,T,1,missense,-0.0020017161092908513
491,CTL,325,V,1,missense,0.03694369552772375
492,CTL,325,W,1,missense,0.0243158668171814
493,CTL,325,Y,1,missense,0.0140741434390641
494,NQO,301,*,1,nonsense,-0.1800085534438346
495,NQO,301,C,1,missense,0.0177412508515824
496,NQO,301,D,1,missense,-0.0317260698309479
497,NQO,301,E,1,missense,0.0412506684557184
498,NQO,301,F,1,missense,-0.1236754168126769
499,NQO,301,G,1,missense,0.03045306545759155
500,NQO,301,H,1,missense,0.0590217177899994
501,NQO,301,I,1,missense,0.0720250091650741
502,NQO,301,K,1,missense,0.0500796144088065
503,NQO,301,L,1,missense,0.1102806056341385
504,NQO,301,M,1,missense,0.0665743078733484
505,NQO,301,N,1,missense,0.0684026581089546
506,NQO,301,P,1,missense,-0.2037880108835048
507,NQO,301,Q,1,missense,-0.1915523034843181
508,NQO,301,R,1,missense,0.0177355133312499
509,NQO,301,S,1,missense,0.0892751872924362
510,NQO,301,T,1,missense,0.13450384026639095
511,NQO,301,V,1,missense,0.090761117416437
512,NQO,301,W,1,missense,-0.17216904678076
513,NQO,301,Y,1,missense,0.0686194534865702
514,NQO,302,*,1,nonsense,-0.0418174592961676
515,NQO,302,A,1,missense,-0.012277381684749851
516,NQO,302,C,1,missense,0.0636562199419796
517,NQO,302,D,1,missense,-0.1108565593008351
518,NQO,302,E,1,missense,-0.0844186240593716
519,NQO,302,F,1,missense,0.2571382782885579
520,NQO,302,G,1,missense,-0.1081954306474964
521,NQO,302,H,1,missense,0.0060281891695596
522,NQO,302,I,1,missense,0.29791856843087
523,NQO,302,L,1,missense,0.2239787759949145
524,NQO,302,M,1,missense,0.3052958226907724
525,NQO,302,N,1,missense,-0.070598064510144
526,NQO,302,P,1,missense,-0.053384278817798246
527,NQO,302,Q,1,missense,-0.1185219419395154
528,NQO,302,R,1,missense,0.1162827059112756
529,NQO,302,S,1,missense,-0.0599078576890523
530,NQO,302,T,1,missense,0.05873708034919681
531,NQO,302,V,1,missense,0.2585978053173494
532,NQO,302,W,1,missense,0.0519997294284195
533,NQO,302,Y,1,missense,0.0240516385932639
534,NQO,303,*,1,nonsense,0.0104565851060382
535,NQO,303,A,1,missense,-0.10796583828227485
536,NQO,303,C,1,missense,0.0692368522107355
537,NQO,303,D,1,missense,-0.0691507418106737
538,NQO,303,F,1,missense,-0.0215495160765607
539,NQO,303,G,1,missense,-0.010473090127001951
540,NQO,303,H,1,missense,-0.0800451571381687
541,NQO,303,I,1,missense,0.0015018508609808
542,NQO,303,K,1,missense,0.0288251776126678
543,NQO,303,L,1,missense,-0.0038374450936773
544,NQO,303,M,1,missense,0.060738769048841
545,NQO,303,N,1,missense,-0.0713572291233209
546,NQO,303,P,1,missense,-0.0173943650461734
547,NQO,303,Q,1,missense,0.0032462954597446
548,NQO,303,R,1,missense,0.0146768116315417
549,NQO,303,S,1,missense,0.0438000305120427
550,NQO,303,T,1,missense,0.08342448580110025
551,NQO,303,V,1,missense,0.0564015860923121
552,NQO,303,W,1,missense,0.0143892299137106
553,NQO,303,Y,1,missense,-0.0104865083564701
554,NQO,304,*,1,nonsense,-0.0522006495071984
555,NQO,304,A,1,missense,-0.0814642750057135
556,NQO,304,C,1,missense,-0.026307997766153
557,NQO,304,D,1,missense,-0.1709623570423316
558,NQO,304,E,1,missense,-0.1794229591413368
559,NQO,304,F,1,missense,-0.0555042495317476
560,NQO,304,G,1,missense,-0.05081479527393645
561,NQO,304,H,1,missense,-0.1498211932938535
562,NQO,304,I,1,missense,0.0088303915143737
563,NQO,304,K,1,missense,-0.1143385018417378
564,NQO,304,L,1,missense,0.0330901891016154
565,NQO,304,M,1,missense,-0.0033609040012347
566,NQO,304,N,1,missense,0.0418322342817362
567,NQO,304,P,1,missense,0.052701270044556436
568,NQO,304,Q,1,missense,-0.1233819924402273
569,NQO,304,R,1,missense,-0.0812294641917
570,NQO,304,S,1,missense,0.0713307475473806
571,NQO,304,V,1,missense,0.015837843665589248
572,NQO,304,W,1,missense,-0.1344413394977059
573,NQO,304,Y,1,missense,-0.0699865175063218
574,NQO,305,*,1,nonsense,-0.013415830968416
575,NQO,305,A,1,missense,-0.07235173292697206
576,NQO,305,C,1,missense,-0.023204264085282
577,NQO,305,D,1,missense,-0.1979067891195464
578,NQO,305,F,1,missense,0.0894765852751779
579,NQO,305,G,1,missense,-0.10120194181895956
580,NQO,305,H,1,missense,-0.2492656381922658
581,NQO,305,K,1,missense,-0.0216269926853206
582,NQO,305,L,1,missense,-0.010952413866221
583,NQO,305,M,1,missense,-0.0104767979356405
584,NQO,305,N,1,missense,-0.0601793219296164
585,NQO,305,P,1,missense,-0.1479758117205908
586,NQO,305,Q,1,missense,-0.1744936780604942
587,NQO,305,R,1,missense,-0.0289989968390177
588,NQO,305,S,1,missense,-0.0914682184757066
589,NQO,305,T,1,missense,-0.11078961674709839
590,NQO,305,V,1,missense,0.014778960899190499
591,NQO,305,W,1,missense,-0.1161042531962248
592,NQO,305,Y,1,missense,-0.1576896235182587
593,NQO,306,*,1,nonsense,0.027079148173609
594,NQO,306,A,1,missense,-0.1407953826872132
595,NQO,306,C,1,missense,-0.0938725816759499
596,NQO,306,D,1,missense,-0.2980362021498268
597,NQO,306,E,1,missense,-0.2640166231609919
598,NQO,306,F,1,missense,0.0601276808413251
599,NQO,306,G,1,missense,-0.20345560963243625
600,NQO,306,H,1,missense,-0.194411214102619
601,NQO,306,I,1,missense,-0.0093621007361672
602,NQO,306,K,1,missense,-0.2338944429894542
603,NQO,306,L,1,missense,-0.0800451571381687
604,NQO,306,M,1,missense,-0.1072106256203856
605,NQO,306,N,1,missense,-0.1431171093334731
606,NQO,306,P,1,missense,-0.3199932086544104
607,NQO,306,Q,1,missense,-0.2765801018820862
608,NQO,306,R,1,missense,0.1217048555417491
609,NQO,306,S,1,missense,-0.1587094329124067
610,NQO,306,T,1,missense,-0.1716816064184047
611,NQO,306,V,1,missense,-0.0633891345276785
612,NQO,306,W,1,missense,0.0450100203766598
613,NQO,307,*,1,nonsense,0.0038891248997845
614,NQO,307,A,1,missense,-0.0672564852407592
615,NQO,307,C,1,missense,-0.0034223091508375
616,NQO,307,D,1,missense,-0.2378835536737477
617,NQO,307,E,1,missense,-0.229997044172157
618,NQO,307,F,1,missense,0.1226056739991588
619,NQO,307,G,1,missense,-0.114436322942216
620,NQO,307,H,1,missense,-0.1078917409681164
621,NQO,307,K,1,missense,-0.2152460592034309
622,NQO,307,L,1,missense,0.0847000069574125
623,NQO,307,M,1,missense,0.0420148487059983
624,NQO,307,N,1,missense,-0.0437499818077438
625,NQO,307,P,1,missense,-0.20890074473227283
626,NQO,307,Q,1,missense,-0.0878349056314446
627,NQO,307,R,1,missense,-0.2203070135973071
628,NQO,307,S,1,missense,-0.1037483022057932
629,NQO,307,T,1,missense,-0.02999856463016905
630,NQO,307,V,1,missense,0.16159682905946915
631,NQO,307,W,1,missense,-0.2237825224034035
632,NQO,307,Y,1,missense,0.0147719541813583
633,NQO,308,*,1,nonsense,-0.1023070478513269
634,NQO,308,A,1,missense,-0.02915865054880935
635,NQO,308,C,1,missense,0.0023188615121873
636,NQO,308,D,1,missense,-0.0977372460424439
637,NQO,308,E,1,missense,-0.0734303634994744
638,NQO,308,F,1,missense,-0.1073892186124178
639,NQO,308,G,1,missense,-0.07134269037643931
640,NQO,308,H,1,missense,0.1974858005481002
641,NQO,308,I,1,missense,-0.1481147356048317
642,NQO,308,K,1,missense,-0.1682163740255101
643,NQO,308,L,1,missense,0.0790705447102433
644,NQO,308,N,1,missense,-0.0343813340438503
645,NQO,308,P,1,missense,-0.13940113244257202
646,NQO,308,Q,1,missense,-0.0338377050264338
647,NQO,308,R,1,missense,0.0250408591076002
648,NQO,308,S,1,missense,-0.0599078576890523
649,NQO,308,T,1,missense,-0.08763893386666041
650,NQO,308,V,1,missense,-0.0496728854657127
651,NQO,308,W,1,missense,-0.1500769814504771
652,NQO,308,Y,1,missense,-0.1262413944882815
653,NQO,309,*,1,nonsense,-0.0593764171848579
654,NQO,309,A,1,missense,-0.11030807942598135
655,NQO,309,C,1,missense,-0.1222480124127632
656,NQO,309,D,1,missense,-0.1032400817824569
657,NQO,309,E,1,missense,-0.3197077146219099
658,NQO,309,F,1,missense,0.0523561850925694
659,NQO,309,G,1,missense,-0.2037915798479905
660,NQO,309,H,1,missense,-0.2216928200770524
661,NQO,309,I,1,missense,-0.0171812766289127
662,NQO,309,K,1,missense,-0.1016023320068827
663,NQO,309,M,1,missense,-0.0023344868475792
664,NQO,309,N,1,missense,-0.2368338327842051
665,NQO,309,P,1,missense,-0.1430828575135752
666,NQO,309,Q,1,missense,-0.0410518445053571
667,NQO,309,R,1,missense,-0.1116790200140795
668,NQO,309,S,1,missense,-0.2438325634352011
669,NQO,309,T,1,missense,-0.20482102005546854
670,NQO,309,V,1,missense,0.031819522886558
671,NQO,309,W,1,missense,-0.0269927085477203
672,NQO,309,Y,1,missense,-0.1497370387217566
673,NQO,310,*,1,nonsense,-0.1049400873196323
674,NQO,310,A,1,missense,-0.011515552786977499
675,NQO,310,C,1,missense,0.0635864978015734
676,NQO,310,D,1,missense,-0.1924761716127517
677,NQO,310,E,1,missense,-0.1389719301622004
678,NQO,310,F,1,missense,-0.084362404731379
679,NQO,310,G,1,missense,-0.04776428827351585
680,NQO,310,H,1,missense,-0.0761315830106946
681,NQO,310,I,1,missense,-0.0302688857880874
682,NQO,310,K,1,missense,0.0233942923566924
683,NQO,310,L,1,missense,0.0220579956624312
684,NQO,310,M,1,missense,0.0181747322480431
685,NQO,310,N,1,missense,-0.0443437806004918
686,NQO,310,P,1,missense,-0.10995455351630595
687,NQO,310,Q,1,missense,-0.0725996543539602
688,NQO,310,S,1,missense,-0.0396113083594417
689,NQO,310,T,1,missense,0.0478046239324425
690,NQO,310,V,1,missense,-0.1346194480294658
691,NQO,310,W,1,missense,-0.0096952037277773
692,NQO,310,Y,1,missense,-0.0195256172610759
693,NQO,311,*,1,nonsense,-0.0397169605847287
694,NQO,311,A,1,missense,-0.1661318362742667
695,NQO,311,C,1,missense,-0.0716718394505334
696,NQO,311,D,1,missense,-0.1785898892487024
697,NQO,311,E,1,missense,-0.0379573500501911
698,NQO,311,G,1,missense,-0.09302922139852404
699,NQO,311,H,1,missense,0.0938581899121418
700,NQO,311,I,1,missense,-0.0291669308616734
701,NQO,311,K,1,missense,-0.103338472085959
702,NQO,311,L,1,missense,0.021890711986964
703,NQO,311,M,1,missense,-0.0809473367262526
704,NQO,311,N,1,missense,-0.0773354264184657
705,NQO,311,P,1,missense,0.12483100130780055
706,NQO,311,Q,1,missense,-0.0095862364159967
707,NQO,311,R,1,missense,-0.1843371983533964
708,NQO,311,S,1,missense,0.0169454375676555
709,NQO,311,T,1,missense,-0.1483014982532203
710,NQO,311,V,1,missense,-0.11656419069561591
711,NQO,311,W,1,missense,0.060217778484982
712,NQO,311,Y,1,missense,0.0238092896458268
713,NQO,312,*,1,nonsense,-0.051121985961441
714,NQO,312,A,1,missense,0.1215170300176544
715,NQO,312,C,1,missense,0.0186490705174655
716,NQO,312,D,1,missense,-0.0282411530110225
717,NQO,312,E,1,missense,-0.0833057060184494
718,NQO,312,G,1,missense,0.029314539892262452
719,NQO,312,H,1,missense,-0.2220475769567211
720,NQO,312,I,1,missense,0.0274044039975995
721,NQO,312,K,1,missense,0.0700095837137815
722,NQO,312,L,1,missense,0.0206884399970617
723,NQO,312,M,1,missense,0.094212506560237
724,NQO,312,N,1,missense,-0.4172223515014271
725,NQO,312,P,1,missense,0.0280619039433698
726,NQO,312,Q,1,missense,-0.1121033741330429
727,NQO,312,R,1,missense,-0.1235710579374029
728,NQO,312,S,1,missense,-0.11448362024547
729,NQO,312,T,1,missense,0.09523946584986645
730,NQO,312,V,1,missense,0.07610369735794036
731,NQO,312,W,1,missense,-0.1003575359494679
732,NQO,312,Y,1,missense,-0.2915201882446615
733,NQO,313,*,1,nonsense,-0.0502514006130759
734,NQO,313,A,1,missense,-0.0936200177321268
735,NQO,313,C,1,missense,-0.1620785406485657
736,NQO,313,E,1,missense,-0.0507862167745704
737,NQO,313,F,1,missense,-0.2196128011255119
738,NQO,313,G,1,missense,0.0103043609067409
739,NQO,313,H,1,missense,-0.1849525506878438
740,NQO,313,I,1,missense,-0.1218571213426319
741,NQO,313,K,1,missense,-0.0263150983245511
742,NQO,313,L,1,missense,-0.0472893458942697
743,NQO,313,M,1,missense,-0.1172525642020788
744,NQO,313,N,1,missense,-0.0424219992847433
745,NQO,313,P,1,missense,0.1052769605322608
746,NQO,313,Q,1,missense,-0.1410271137463281
747,NQO,313,R,1,missense,-0.0103601588950538
748,NQO,313,S,1,missense,-0.1430046312342476
749,NQO,313,T,1,missense,-0.10484950671436549
750,NQO,313,V,1,missense,-0.131855125282577
751,NQO,313,W,1,missense,-0.1014365113322998
752,NQO,313,Y,1,missense,-0.1637923136863826
753,NQO,314,*,1,nonsense,0.1176938868474859
754,NQO,314,A,1,missense,-0.1168640694598696
755,NQO,314,C,1,missense,-0.073365952639274
756,NQO,314,D,1,missense,-0.2846416546434285
757,NQO,314,E,1,missense,-0.182666944626052
758,NQO,314,F,1,missense,-0.0176520024902515
759,NQO,314,G,1,missense,-0.21601014676476005
760,NQO,314,H,1,missense,0.1299568457352493
761,NQO,314,I,1,missense,0.0003778401446543
762,NQO,314,K,1,missense,-0.1123697204282186
763,NQO,314,L,1,missense,0.0556573977574892
764,NQO,314,M,1,missense,-0.0461236145158121
765,NQO,314,N,1,missense,-0.1046983745236044
766,NQO,314,P,1,missense,-0.01906109180378705
767,NQO,314,Q,1,missense,-0.210202613291916
768,NQO,314,R,1,missense,-0.0982797405277987
769,NQO,314,S,1,missense,-0.2849081765352907
770,NQO,314,T,1,missense,-0.21438635978831755
771,NQO,314,W,1,missense,-0.0192650296610948
772,NQO,314,Y,1,missense,0.0916403427662204
773,NQO,315,*,1,nonsense,-0.0676900357487512
774,NQO,315,A,1,missense,-0.16743700777288806
775,NQO,315,D,1,missense,0.0579117335278177
776,NQO,315,E,1,missense,0.0695404434670438
777,NQO,315,F,1,missense,-0.2521016977113512
778,NQO,315,G,1,missense,-0.2787430861479435
779,NQO,315,H,1,missense,-0.1438588595122154
780,NQO,315,I,1,missense,0.1714354111000697
781,NQO,315,K,1,missense,-0.0186428381693744
782,NQO,315,L,1,missense,0.0904827491026804
783,NQO,315,M,1,missense,-0.0150412714145492
784,NQO,315,N,1,missense,-0.2522361914764442
785,NQO,315,P,1,missense,-0.012208579743079099
786,NQO,315,Q,1,missense,-0.033338194136122
787,NQO,315,R,1,missense,0.0170371629677973
788,NQO,315,S,1,missense,-0.100685657436431
789,NQO,315,T,1,missense,-0.08565707295406674
790,NQO,315,V,1,missense,0.07585312104526624
791,NQO,315,W,1,missense,0.1305747414989096
792,NQO,315,Y,1,missense,-0.1419153111468264
793,NQO,316,*,1,nonsense,-0.0653731884290918
794,NQO,316,A,1,missense,0.09010772341486721
795,NQO,316,C,1,missense,0.0067815645477199
796,NQO,316,D,1,missense,-0.0710830283365932
797,NQO,316,E,1,missense,0.0217191845727753
798,NQO,316,G,1,missense,-0.08712857343992464
799,NQO,316,H,1,missense,0.0010551948086456
800,NQO,316,I,1,missense,0.0413017462085279
801,NQO,316,K,1,missense,0.0379221997923984
802,NQO,316,L,1,missense,0.0852823441538454
803,NQO,316,M,1,missense,0.0607750055353988
804,NQO,316,N,1,missense,-0.0487260441707984
805,NQO,316,P,1,missense,-0.0029060802792129498
806,NQO,316,Q,1,missense,-0.0087836426199456
807,NQO,316,R,1,missense,-0.0240092882465719
808,NQO,316,S,1,missense,-0.1052855551761964
809,NQO,316,T,1,missense,-0.08818198232465116
810,NQO,316,V,1,missense,0.07998876587177989
811,NQO,316,W,1,missense,-0.0085897135783935
812,NQO,316,Y,1,missense,-0.0766651309490758
813,NQO,317,*,1,nonsense,-0.0194361164853897
814,NQO,317,A,1,missense,-0.09872131644920795
815,NQO,317,C,1,missense,-0.318173162878561
816,NQO,317,D,1,missense,0.0915535135537856
817,NQO,317,E,1,missense,0.0868484905974711
818,NQO,317,F,1,missense,0.031123896589682
819,NQO,317,G,1,missense,-0.32290548457597834
820,NQO,317,I,1,missense,-0.0600288852737093
821,NQO,317,K,1,missense,-0.1022372423853545
822,NQO,317,L,1,missense,-0.0819381626379338
823,NQO,317,M,1,missense,-0.1235040821143951
824,NQO,317,N,1,missense,-0.3330793306108407
825,NQO,317,P,1,missense,-0.17207152539352627
826,NQO,317,Q,1,missense,-0.1182996915707505
827,NQO,317,R,1,missense,-0.1886584870793227
828,NQO,317,S,1,missense,-0.1936276366502059
829,NQO,317,T,1,missense,-0.19168039337461235
830,NQO,317,V,1,missense,-0.14098155104346155
831,NQO,317,W,1,missense,0.1201702014524148
832,NQO,317,Y,1,missense,0.0316165307833483
833,NQO,318,*,1,nonsense,-0.0425895184505561
834,NQO,318,A,1,missense,-0.0886466585170745
835,NQO,318,C,1,missense,-0.1577571008841219
836,NQO,318,D,1,missense,-0.0231187756287245
837,NQO,318,E,1,missense,-0.2568374695479674
838,NQO,318,F,1,missense,-0.0006965090616951
839,NQO,318,G,1,missense,-0.19711105642465226
840,NQO,318,I,1,missense,-0.0275956892616784
841,NQO,318,K,1,missense,-0.2144105258117518
842,NQO,318,L,1,missense,0.007407758981277
843,NQO,318,M,1,missense,0.0093198895888373
844,NQO,318,N,1,missense,-0.2303137102212834
845,NQO,318,P,1,missense,-0.16425538119742836
846,NQO,318,Q,1,missense,-0.0627523771407154
847,NQO,318,R,1,missense,-0.1966197816980999
848,NQO,318,S,1,missense,-0.2127127377746298
849,NQO,318,T,1,missense,-0.16282955206295324
850,NQO,318,V,1,missense,-0.19556985858180104
851,NQO,318,W,1,missense,0.0682323977674377
852,NQO,318,Y,1,missense,-0.006033275001876
853,NQO,319,*,1,nonsense,-0.0421267276436871
854,NQO,319,A,1,missense,-0.18255966731674833
855,NQO,319,C,1,missense,-0.1936009346809704
856,NQO,319,D,1,missense,-0.1775701605680916
857,NQO,319,E,1,missense,-0.2500190048729465
858,NQO,319,F,1,missense,-0.0184287016759397
859,NQO,319,G,1,missense,-0.31202988039793933
860,NQO,319,H,1,missense,-0.1876060519538385
861,NQO,319,K,1,missense,-0.3345827001193935
862,NQO,319,L,1,missense,0.0091211795479467
863,NQO,319,M,1,missense,0.0020285405170939
864,NQO,319,N,1,missense,-0.2426612408188126
865,NQO,319,P,1,missense,-0.3399311912657663
866,NQO,319,Q,1,missense,-0.1955714239562213
867,NQO,319,R,1,missense,-0.2748664328874403
868,NQO,319,S,1,missense,-0.3051620953742494
869,NQO,319,T,1,missense,-0.2113181083019564
870,NQO,319,V,1,missense,-0.10281215826497825
871,NQO,319,W,1,missense,-0.0512833049690737
872,NQO,319,Y,1,missense,-0.0361946549516206
873,NQO,320,*,1,nonsense,-0.0126893488956404
874,NQO,320,A,1,missense,-0.1084343018430732
875,NQO,320,C,1,missense,-0.0674147897273103
876,NQO,320,D,1,missense,-0.3135702341550994
877,NQO,320,E,1,missense,-0.1927667816200139
878,NQO,320,F,1,missense,-0.0014054828943475
879,NQO,320,G,1,missense,-0.11717569327290304
880,NQO,320,H,1,missense,-0.1397928972968781
881,NQO,320,I,1,missense,-0.0237360213105996
882,NQO,320,K,1,missense,-0.0143925258863806
883,NQO,320,L,1,missense,-0.0276075029912485
884,NQO,320,M,1,missense,-0.0003885359362534
885,NQO,320,P,1,missense,-0.13883116540580245
886,NQO,320,Q,1,missense,-0.1228496659566889
887,NQO,320,R,1,missense,-0.0618172997155005
888,NQO,320,S,1,missense,-0.1516357436905929
889,NQO,320,T,1,missense,-0.21392445319835512
890,NQO,320,V,1,missense,-0.038573624921796154
891,NQO,320,W,1,missense,0.0211064510391715
892,NQO,320,Y,1,missense,-0.0156266807479517
893,NQO,321,*,1,nonsense,-0.0067960076437411
894,NQO,321,A,1,missense,-0.05931926723844411
895,NQO,321,C,1,missense,-0.060232315935475
896,NQO,321,D,1,missense,-0.1593246959162763
897,NQO,321,E,1,missense,-0.0028659273517736
898,NQO,321,F,1,missense,-0.2415748524553531
899,NQO,321,G,1,missense,-0.14048035685614646
900,NQO,321,H,1,missense,-0.1822485142490514
901,NQO,321,I,1,missense,-0.2531456315288488
902,NQO,321,K,1,missense,-0.2395058567906726
903,NQO,321,L,1,missense,-0.0807701591640449
904,NQO,321,M,1,missense,-0.0641799393832727
905,NQO,321,N,1,missense,-0.3116243156564495
906,NQO,321,P,1,missense,-0.3007082133435885
907,NQO,321,R,1,missense,-0.2084545004259652
908,NQO,321,S,1,missense,-0.15678546467102
909,NQO,321,T,1,missense,-0.24044064876727886
910,NQO,321,V,1,missense,-0.07427281852659225
911,NQO,321,W,1,missense,-0.0675869071826913
912,NQO,321,Y,1,missense,-0.1417170220091355
913,NQO,322,*,1,nonsense,-0.0606465489754719
914,NQO,322,A,1,missense,-0.01849847650192535
915,NQO,322,C,1,missense,-0.0450042123029791
916,NQO,322,D,1,missense,-0.1857035910975609
917,NQO,322,E,1,missense,-0.0048191848074038
918,NQO,322,F,1,missense,-0.0859369533110268
919,NQO,322,H,1,missense,-0.1218579466665921
920,NQO,322,I,1,missense,-0.0761394580255379
921,NQO,322,K,1,missense,-0.1110475514427183
922,NQO,322,L,1,missense,-0.1136833425308045
923,NQO,322,M,1,missense,-0.089741313325276
924,NQO,322,N,1,missense,0.0162498496591458
925,NQO,322,P,1,missense,-0.2832181693576493
926,NQO,322,Q,1,missense,0.0112351039185706
927,NQO,322,R,1,missense,-0.1200832023807095
928,NQO,322,S,1,missense,0.0087122113896798
929,NQO,322,T,1,missense,-0.040462605466829
930,NQO,322,V,1,missense,-0.11725075351473216
931,NQO,322,W,1,missense,-0.0423546703755121
932,NQO,322,Y,1,missense,-0.1449189569267241
933,NQO,323,A,1,missense,-0.0022420834757377
934,NQO,323,D,1,missense,-0.1896402977058828
935,NQO,323,F,1,missense,-0.3312206593414514
936,NQO,323,G,1,missense,-0.2940115767734567
937,NQO,323,H,1,missense,-0.1871240454713527
938,NQO,323,I,1,missense,-0.0209323285723232
939,NQO,323,L,1,missense,-0.1960940255394415
940,NQO,323,N,1,missense,-0.2497785867893753
941,NQO,323,P,1,missense,-0.2001362817579065
942,NQO,323,Q,1,missense,-0.260344362998308
943,NQO,323,R,1,missense,0.0516409369516212
944,NQO,323,S,1,missense,-0.18163907612910235
945,NQO,323,T,1,missense,-0.3442527952079133
946,NQO,323,V,1,missense,0.0447404817684089
947,NQO,323,W,1,missense,-0.1780576144566326
948,NQO,323,Y,1,missense,-0.1114500809083778
949,NQO,324,*,1,nonsense,-0.083998379793425
950,NQO,324,A,1,missense,0.12202037065905064
951,NQO,324,C,1,missense,-0.0696152323103656
952,NQO,324,D,1,missense,0.026903874014848
953,NQO,324,E,1,missense,0.0820301977329609
954,NQO,324,F,1,missense,-0.1183617819068115
955,NQO,324,G,1,missense,-0.12239602028248506
956,NQO,324,I,1,missense,0.0534781186134272
957,NQO,324,K,1,missense,0.0187086834989183
958,NQO,324,L,1,missense,0.0056215376958385
959,NQO,324,M,1,missense,-0.0061020053304201
960,NQO,324,N,1,missense,0.0713077614475247
961,NQO,324,P,1,missense,-0.5453509653290836
962,NQO,324,Q,1,missense,0.1101813287940524
963,NQO,324,R,1,missense,0.0584967534981421
964,NQO,324,S,1,missense,0.013954650383223
965,NQO,324,T,1,missense,-0.0041454004590281
966,NQO,324,W,1,missense,-0.1449405010062149
967,NQO,324,Y,1,missense,-0.1093193652532065
968,NQO,325,*,1,nonsense,-0.0765044102831744
969,NQO,325,A,1,missense,0.058555257840387745
970,NQO,325,C,1,missense,-0.0805318114293202
971,NQO,325,D,1,missense,-0.2029112108366222
972,NQO,325,E,1,missense,-0.0271858310846575
973,NQO,325,F,1,missense,-0.07646044709444
974,NQO,325,G,1,missense,-0.1395136211762683
975,NQO,325,H,1,missense,-0.0079932770658227
976,NQO,325,I,1,missense,-0.1966946677588613
977,NQO,325,K,1,missense,0.0445832785367365
978,NQO,325,L,1,missense,0.0016152863834521
979,NQO,325,M,1,missense,0.0694479001871808
980,NQO,325,N,1,missense,-0.186670973013895
981,NQO,325,P,1,missense,-0.3226725850095506
982,NQO,325,Q,1,missense,0.0795851567175863
983,NQO,325,R,1,missense,-0.0165463095707338
984,NQO,325,T,1,missense,-0.0589109093928362
985,NQO,325,V,1,missense,-0.08326880410640795
986,NQO,325,W,1,missense,-0.1764467412128295
987,NQO,325,Y,1,missense,-0.1884115318028417
988,POSA,301,*,1,nonsense,-0.1250443431359202
989,POSA,301,C,1,missense,0.4690225429189825
990,POSA,301,D,1,missense,0.4279535845782146
991,POSA,301,E,1,missense,0.5686076770372435
992,POSA,301,F,1,missense,-0.1827182496877604
993,POSA,301,G,1,missense,0.5381169726626417
994,POSA,301,H,1,missense,0.1986840908015475
995,POSA,301,I,1,missense,0.2343755179144948
996,POSA,301,K,1,missense,0.5903776781074036
997,POSA,301,L,1,missense,0.5552249667721796
998,POSA,301,M,1,missense,0.1856161461055295
999,POSA,301,N,1,missense,0.6105988757345675
1000,POSA,301,P,1,missense,0.38545805176365266
1001,POSA,301,Q,1,missense,0.0943418066388043
1002,POSA,301,R,1,missense,0.5629164335520427
1003,POSA,301,S,1,missense,0.5964757566805983
1004,POSA,301,T,1,missense,0.571507023094348
1005,POSA,301,V,1,missense,0.4230012540983046
1006,POSA,301,W,1,missense,-0.299785046684725
1007,POSA,301,Y,1,missense,0.5371013905553345
1008,POSA,302,*,1,nonsense,-0.1465115124676881
1009,POSA,302,A,1,missense,0.49995503816472286
1010,POSA,302,C,1,missense,0.2976879899723366
1011,POSA,302,D,1,missense,0.1155173868804277
1012,POSA,302,E,1,missense,0.1762005746096034
1013,POSA,302,F,1,missense,0.4656938423675336
1014,POSA,302,G,1,missense,0.2714485345470451
1015,POSA,302,H,1,missense,0.580748988974524
1016,POSA,302,I,1,missense,0.5697107814120386
1017,POSA,302,L,1,missense,0.5635211166970633
1018,POSA,302,M,1,missense,0.4886026136568723
1019,POSA,302,N,1,missense,0.3939530141170851
1020,POSA,302,P,1,missense,0.1636181906087158
1021,POSA,302,Q,1,missense,0.4139981057865123
1022,POSA,302,R,1,missense,0.5805036758632136
1023,POSA,302,S,1,missense,0.442988593748275
1024,POSA,302,T,1,missense,0.4876698598055098
1025,POSA,302,V,1,missense,0.552834983477323
1026,POSA,302,W,1,missense,0.333099258564112
1027,POSA,302,Y,1,missense,0.4177273531703131
1028,POSA,303,*,1,nonsense,-0.1188353795949834
1029,POSA,303,A,1,missense,-0.11676657908003565
1030,POSA,303,C,1,missense,0.5975874576542023
1031,POSA,303,D,1,missense,0.3122190098959715
1032,POSA,303,F,1,missense,0.5085080181357458
1033,POSA,303,G,1,missense,0.5519247599393482
1034,POSA,303,H,1,missense,0.4333917954656777
1035,POSA,303,I,1,missense,0.2158466628352915
1036,POSA,303,K,1,missense,0.4604647598917431
1037,POSA,303,L,1,missense,0.5094394935347686
1038,POSA,303,M,1,missense,0.5653248349852121
1039,POSA,303,N,1,missense,0.404678418641397
1040,POSA,303,P,1,missense,0.5104822767370344
1041,POSA,303,Q,1,missense,0.4925796254149059
1042,POSA,303,R,1,missense,0.5331879424339374
1043,POSA,303,S,1,missense,0.5310044054171377
1044,POSA,303,T,1,missense,0.5990632137788655
1045,POSA,303,V,1,missense,0.0096648579328969
1046,POSA,303,W,1,missense,0.4261350642575632
1047,POSA,303,Y,1,missense,0.5238113881785035
1048,POSA,304,*,1,nonsense,-0.1491298393835012
1049,POSA,304,A,1,missense,0.3992963698730059
1050,POSA,304,C,1,missense,0.4705615770980305
1051,POSA,304,D,1,missense,0.0925022183761858
1052,POSA,304,E,1,missense,0.1326605439159223
1053,POSA,304,F,1,missense,0.4200700894748244
1054,POSA,304,G,1,missense,0.38923383441991066
1055,POSA,304,H,1,missense,0.3359667881433719
1056,POSA,304,I,1,missense,0.4512122818950976
1057,POSA,304,K,1,missense,0.4331368640211753
1058,POSA,304,L,1,missense,0.5571223666205913
1059,POSA,304,M,1,missense,0.4696875409927971
1060,POSA,304,N,1,missense,0.5751009055622526
1061,POSA,304,P,1,missense,0.3502819257913419
1062,POSA,304,Q,1,missense,0.4190467995128907
1063,POSA,304,R,1,missense,0.4068182999042985
1064,POSA,304,S,1,missense,0.5452685958826803
1065,POSA,304,V,1,missense,0.5295383113960068
1066,POSA,304,W,1,missense,0.3461969324759876
1067,POSA,304,Y,1,missense,0.3836011619929697
1068,POSA,305,*,1,nonsense,-0.1263527814921799
1069,POSA,305,A,1,missense,0.4969810612068847
1070,POSA,305,C,1,missense,0.5743669688823033
1071,POSA,305,D,1,missense,0.2088756560796399
1072,POSA,305,F,1,missense,0.540248121105448
1073,POSA,305,G,1,missense,0.2743607655936308
1074,POSA,305,H,1,missense,0.3233340617074206
1075,POSA,305,K,1,missense,0.0708593439816594
1076,POSA,305,L,1,missense,0.2026729546616766
1077,POSA,305,M,1,missense,-0.0025825074288556
1078,POSA,305,N,1,missense,0.1232036213730748
1079,POSA,305,P,1,missense,0.1232130670624746
1080,POSA,305,Q,1,missense,0.1443030074838753
1081,POSA,305,R,1,missense,0.209939260241556
1082,POSA,305,S,1,missense,0.2144766361452968
1083,POSA,305,T,1,missense,0.3898881244347526
1084,POSA,305,V,1,missense,0.5140765500812771
1085,POSA,305,W,1,missense,0.3404152447819466
1086,POSA,305,Y,1,missense,0.210772147589368
1087,POSA,306,*,1,nonsense,-0.0716785893916605
1088,POSA,306,A,1,missense,0.24399704377106496
1089,POSA,306,C,1,missense,0.3465721516997845
1090,POSA,306,D,1,missense,0.1334733197999933
1091,POSA,306,E,1,missense,0.2227893238452463
1092,POSA,306,F,1,missense,0.5802414957776276
1093,POSA,306,G,1,missense,0.27000635320563654
1094,POSA,306,H,1,missense,0.0600633110346824
1095,POSA,306,I,1,missense,0.4214757184472261
1096,POSA,306,K,1,missense,0.2277580279361679
1097,POSA,306,L,1,missense,0.3473471443680772
1098,POSA,306,M,1,missense,0.2534820030740286
1099,POSA,306,N,1,missense,0.0092497173155213
1100,POSA,306,P,1,missense,0.19774335701711443
1101,POSA,306,Q,1,missense,0.0867729869316824
1102,POSA,306,R,1,missense,0.3375736961791408
1103,POSA,306,S,1,missense,0.1893930471353084
1104,POSA,306,T,1,missense,0.2333002495153311
1105,POSA,306,V,1,missense,0.36224528252746346
1106,POSA,306,W,1,missense,0.5907390823459476
1107,POSA,307,*,1,nonsense,-0.0221521792410188
1108,POSA,307,A,1,missense,0.30526905361589374
1109,POSA,307,C,1,missense,-0.035239814746813
1110,POSA,307,D,1,missense,0.242103023888955
1111,POSA,307,E,1,missense,0.223984903831383
1112,POSA,307,F,1,missense,0.51686679084591
1113,POSA,307,G,1,missense,0.34185118245420976
1114,POSA,307,H,1,missense,0.1959145803262567
1115,POSA,307,K,1,missense,0.2169863964835802
1116,POSA,307,L,1,missense,0.5354882203799954
1117,POSA,307,M,1,missense,0.5639600171544068
1118,POSA,307,N,1,missense,0.3355712532768704
1119,POSA,307,P,1,missense,0.19959469042304645
1120,POSA,307,Q,1,missense,0.1437947896218912
1121,POSA,307,R,1,missense,0.2244329460029027
1122,POSA,307,S,1,missense,0.3717196367768307
1123,POSA,307,T,1,missense,0.41295106916469226
1124,POSA,307,V,1,missense,0.459807404550719
1125,POSA,307,W,1,missense,0.2249356581846048
1126,POSA,307,Y,1,missense,0.4108607774147701
1127,POSA,308,*,1,nonsense,-0.0995267053860273
1128,POSA,308,A,1,missense,0.31474180230475135
1129,POSA,308,C,1,missense,0.4750652768336864
1130,POSA,308,D,1,missense,0.4457564754098907
1131,POSA,308,E,1,missense,0.5497404640756967
1132,POSA,308,F,1,missense,0.1448883649185736
1133,POSA,308,G,1,missense,0.38433199356826114
1134,POSA,308,H,1,missense,0.496630676764146
1135,POSA,308,I,1,missense,0.3037741208953512
1136,POSA,308,K,1,missense,0.5371900770390063
1137,POSA,308,L,1,missense,0.5593335062681926
1138,POSA,308,N,1,missense,0.3974874955443438
1139,POSA,308,P,1,missense,0.35832195916810383
1140,POSA,308,Q,1,missense,0.561688059157959
1141,POSA,308,R,1,missense,0.5372342855237184
1142,POSA,308,S,1,missense,0.3980713999132527
1143,POSA,308,T,1,missense,0.34072470638934754
1144,POSA,308,V,1,missense,0.32603093498784824
1145,POSA,308,W,1,missense,0.2131795247513035
1146,POSA,308,Y,1,missense,0.3231063402342585
1147,POSA,309,*,1,nonsense,-0.1113956443042226
1148,POSA,309,A,1,missense,0.1666587616212052
1149,POSA,309,C,1,missense,0.3877884588220156
1150,POSA,309,D,1,missense,-0.0811486160894581
1151,POSA,309,E,1,missense,0.1532906899962585
1152,POSA,309,F,1,missense,0.5676572950984782
1153,POSA,309,G,1,missense,0.21369317543817656
1154,POSA,309,H,1,missense,0.2461716838793969
1155,POSA,309,I,1,missense,0.3264790080027394
1156,POSA,309,K,1,missense,0.0090235762441712
1157,POSA,309,M,1,missense,0.5285609805371961
1158,POSA,309,N,1,missense,0.0739493649306071
1159,POSA,309,P,1,missense,0.1609388668101583
1160,POSA,309,Q,1,missense,0.355891969734077
1161,POSA,309,R,1,missense,0.1812492683359818
1162,POSA,309,S,1,missense,0.2797013086997288
1163,POSA,309,T,1,missense,0.24270386599737995
1164,POSA,309,V,1,missense,0.45983944926771647
1165,POSA,309,W,1,missense,0.4620601441401085
1166,POSA,309,Y,1,missense,0.3493202097371603
1167,POSA,310,*,1,nonsense,-0.1807769627932662
1168,POSA,310,A,1,missense,0.5663369557141289
1169,POSA,310,C,1,missense,0.5161262803634283
1170,POSA,310,D,1,missense,0.2576107396546412
1171,POSA,310,E,1,missense,0.3197133976503377
1172,POSA,310,F,1,missense,0.4406313403194761
1173,POSA,310,G,1,missense,0.4857444916324189
1174,POSA,310,H,1,missense,0.4459497010623182
1175,POSA,310,I,1,missense,0.4769143424487684
1176,POSA,310,K,1,missense,0.5496110992229726
1177,POSA,310,L,1,missense,0.5035096935364016
1178,POSA,310,M,1,missense,0.5848603921145292
1179,POSA,310,N,1,missense,0.4465207272088466
1180,POSA,310,P,1,missense,0.3059310520018247
1181,POSA,310,Q,1,missense,0.3997347018111262
1182,POSA,310,S,1,missense,0.5083585766696472
1183,POSA,310,T,1,missense,0.5551545756052916
1184,POSA,310,V,1,missense,-0.1367505311817285
1185,POSA,310,W,1,missense,0.4609998029441779
1186,POSA,310,Y,1,missense,0.287617532005367
1187,POSA,311,*,1,nonsense,-0.1293188811217377
1188,POSA,311,A,1,missense,-0.20088569781423946
1189,POSA,311,C,1,missense,-0.264198968487092
1190,POSA,311,D,1,missense,0.3094622320549841
1191,POSA,311,E,1,missense,0.4080929310240799
1192,POSA,311,G,1,missense,-0.29587719540226287
1193,POSA,311,H,1,missense,0.4482914084113611
1194,POSA,311,I,1,missense,-0.1232135830684348
1195,POSA,311,K,1,missense,0.35553059342645
1196,POSA,311,L,1,missense,0.2816549114421637
1197,POSA,311,M,1,missense,-0.1920327269762397
1198,POSA,311,N,1,missense,0.5383131220833544
1199,POSA,311,P,1,missense,0.5800590486334234
1200,POSA,311,Q,1,missense,0.577857432700448
1201,POSA,311,R,1,missense,0.2722297483827374
1202,POSA,311,S,1,missense,0.1935322353982295
1203,POSA,311,T,1,missense,-0.29773713658704226
1204,POSA,311,V,1,missense,-0.28571872882347993
1205,POSA,311,W,1,missense,0.5388032521036371
1206,POSA,311,Y,1,missense,0.2163523027970423
1207,POSA,312,*,1,nonsense,-0.1041607052707632
1208,POSA,312,A,1,missense,0.5598010927956961
1209,POSA,312,C,1,missense,0.4639697110493926
1210,POSA,312,D,1,missense,0.5231882476093119
1211,POSA,312,E,1,missense,-0.0122538895170241
1212,POSA,312,G,1,missense,-0.0085996354489398
1213,POSA,312,H,1,missense,-0.1429103366149777
1214,POSA,312,I,1,missense,0.4796501311976918
1215,POSA,312,K,1,missense,-0.1725391672609063
1216,POSA,312,L,1,missense,0.1044851798049176
1217,POSA,312,M,1,missense,0.565308286042473
1218,POSA,312,N,1,missense,-0.1691682194425816
1219,POSA,312,P,1,missense,0.5738610246447885
1220,POSA,312,Q,1,missense,-0.1541053983301397
1221,POSA,312,R,1,missense,-0.350230189020628
1222,POSA,312,S,1,missense,-0.1779430975263207
1223,POSA,312,T,1,missense,0.4332520570250855
1224,POSA,312,V,1,missense,0.45567642137755815
1225,POSA,312,W,1,missense,-0.228925551226513
1226,POSA,312,Y,1,missense,-0.2771028835445421
1227,POSA,313,*,1,nonsense,-0.1608619144517947
1228,POSA,313,A,1,missense,-0.22304020868912444
1229,POSA,313,C,1,missense,-0.3535152759532629
1230,POSA,313,E,1,missense,-0.1674183395930165
1231,POSA,313,F,1,missense,-0.2498215864507281
1232,POSA,313,G,1,missense,0.2802114063365245
1233,POSA,313,H,1,missense,-0.1832418559254671
1234,POSA,313,I,1,missense,-0.252552333157939
1235,POSA,313,K,1,missense,-0.1491570780453465
1236,POSA,313,L,1,missense,-0.1343143236888279
1237,POSA,313,M,1,missense,-0.3051739781547593
1238,POSA,313,N,1,missense,-0.1493071062379792
1239,POSA,313,P,1,missense,0.41974056779647584
1240,POSA,313,Q,1,missense,-0.2640876882753418
1241,POSA,313,R,1,missense,0.5287265897668452
1242,POSA,313,S,1,missense,-0.1197786747951112
1243,POSA,313,T,1,missense,-0.25584240870669955
1244,POSA,313,V,1,missense,-0.2488384663123661
1245,POSA,313,W,1,missense,-0.1947778994445611
1246,POSA,313,Y,1,missense,-0.276524764413335
1247,POSA,314,*,1,nonsense,0.0489133629034831
1248,POSA,314,A,1,missense,-0.22312577265493874
1249,POSA,314,C,1,missense,-0.2821760788466323
1250,POSA,314,D,1,missense,-0.2145529403983353
1251,POSA,314,E,1,missense,-0.2346956037342053
1252,POSA,314,F,1,missense,0.0367073306938974
1253,POSA,314,G,1,missense,-0.2168923758044473
1254,POSA,314,H,1,missense,0.1900583474931189
1255,POSA,314,I,1,missense,0.0453385548628382
1256,POSA,314,K,1,missense,-0.259550312371601
1257,POSA,314,L,1,missense,0.5636800698016862
1258,POSA,314,M,1,missense,-0.2549536466080169
1259,POSA,314,N,1,missense,-0.324160418753115
1260,POSA,314,P,1,missense,0.4788882002847398
1261,POSA,314,Q,1,missense,-0.2247691045857769
1262,POSA,314,R,1,missense,-0.2761534244050088
1263,POSA,314,S,1,missense,-0.2215179174611604
1264,POSA,314,T,1,missense,-0.25841155195866355
1265,POSA,314,W,1,missense,-0.106208430586267
1266,POSA,314,Y,1,missense,0.5469025834719661
1267,POSA,315,*,1,nonsense,-0.136266137593538
1268,POSA,315,A,1,missense,-0.3171777747461297
1269,POSA,315,D,1,missense,0.4883231144050912
1270,POSA,315,E,1,missense,0.3966279410176617
1271,POSA,315,F,1,missense,-0.2457843695082379
1272,POSA,315,G,1,missense,-0.25731102127042377
1273,POSA,315,H,1,missense,-0.2466220571979753
1274,POSA,315,I,1,missense,0.4211975104976029
1275,POSA,315,K,1,missense,-0.2466220571979753
1276,POSA,315,L,1,missense,0.5845061591083126
1277,POSA,315,M,1,missense,-0.1566073755646042
1278,POSA,315,N,1,missense,-0.2014300073050249
1279,POSA,315,P,1,missense,0.5517129163109751
1280,POSA,315,Q,1,missense,-0.2162895937956527
1281,POSA,315,R,1,missense,-0.1224814446549101
1282,POSA,315,S,1,missense,-0.2983964800126212
1283,POSA,315,T,1,missense,-0.31210922645872113
1284,POSA,315,V,1,missense,0.5608417310777469
1285,POSA,315,W,1,missense,0.2105339857267231
1286,POSA,315,Y,1,missense,-0.2662883823930856
1287,POSA,316,*,1,nonsense,-0.1537804358199518
1288,POSA,316,A,1,missense,0.04993472794243495
1289,POSA,316,C,1,missense,-0.1187763743018333
1290,POSA,316,D,1,missense,0.33284157803767
1291,POSA,316,E,1,missense,0.5075576753441537
1292,POSA,316,G,1,missense,0.2637311091971677
1293,POSA,316,H,1,missense,-0.1300930368622985
1294,POSA,316,I,1,missense,0.5100561884193102
1295,POSA,316,K,1,missense,0.0881835328903875
1296,POSA,316,L,1,missense,0.533903022785186
1297,POSA,316,M,1,missense,0.495772743038579
1298,POSA,316,N,1,missense,0.0398061448501876
1299,POSA,316,P,1,missense,0.382948996449166
1300,POSA,316,Q,1,missense,0.1876195173973102
1301,POSA,316,R,1,missense,-0.1791775845231995
1302,POSA,316,S,1,missense,-0.2073351820674572
1303,POSA,316,T,1,missense,-0.2672498199493277
1304,POSA,316,V,1,missense,0.3679562177949467
1305,POSA,316,W,1,missense,0.3522968754891989
1306,POSA,316,Y,1,missense,-0.2737123780489712
1307,POSA,317,*,1,nonsense,-0.1149180804743488
1308,POSA,317,A,1,missense,-0.1551404765740586
1309,POSA,317,C,1,missense,-0.3007415093966376
1310,POSA,317,D,1,missense,0.5556150395819595
1311,POSA,317,E,1,missense,0.5469546068369816
1312,POSA,317,F,1,missense,0.2198355545904145
1313,POSA,317,G,1,missense,-0.34785069731583845
1314,POSA,317,I,1,missense,-0.2227692794936054
1315,POSA,317,K,1,missense,-0.3154987824469645
1316,POSA,317,L,1,missense,-0.2603244681121617
1317,POSA,317,M,1,missense,-0.2624415983998318
1318,POSA,317,N,1,missense,-0.2409723190892095
1319,POSA,317,P,1,missense,-0.0548486229560651
1320,POSA,317,Q,1,missense,0.19662129733021
1321,POSA,317,R,1,missense,-0.2328887548197055
1322,POSA,317,S,1,missense,-0.2848897685053496
1323,POSA,317,T,1,missense,-0.3100834646614086
1324,POSA,317,V,1,missense,-0.26643500171716983
1325,POSA,317,W,1,missense,0.5223391565183291
1326,POSA,317,Y,1,missense,0.321707463075871
1327,POSA,318,*,1,nonsense,-0.1624725123427812
1328,POSA,318,A,1,missense,-0.22721184163592673
1329,POSA,318,C,1,missense,-0.1118893660128386
1330,POSA,318,D,1,missense,-0.2445476394412346
1331,POSA,318,E,1,missense,-0.3037370651537677
1332,POSA,318,F,1,missense,-0.1267277500785496
1333,POSA,318,G,1,missense,-0.24937332189574685
1334,POSA,318,I,1,missense,0.2396178069117997
1335,POSA,318,K,1,missense,-0.2119997458334695
1336,POSA,318,L,1,missense,0.3080460750659124
1337,POSA,318,M,1,missense,0.1716078250686955
1338,POSA,318,N,1,missense,-0.2750128683095905
1339,POSA,318,P,1,missense,-0.29939570293570383
1340,POSA,318,Q,1,missense,-0.2016126703383676
1341,POSA,318,R,1,missense,-0.2313018595283278
1342,POSA,318,S,1,missense,-0.2817853074857182
1343,POSA,318,T,1,missense,-0.25604872342464
1344,POSA,318,V,1,missense,-0.26852466629972055
1345,POSA,318,W,1,missense,0.4985657390082503
1346,POSA,318,Y,1,missense,-0.0279803564438348
1347,POSA,319,*,1,nonsense,-0.1841313599088264
1348,POSA,319,A,1,missense,-0.27517025744567536
1349,POSA,319,C,1,missense,-0.2487263879335917
1350,POSA,319,D,1,missense,-0.2943463271781519
1351,POSA,319,E,1,missense,-0.2007273635375698
1352,POSA,319,F,1,missense,-0.1836549447623959
1353,POSA,319,G,1,missense,-0.23046710305860696
1354,POSA,319,H,1,missense,-0.1449127795172481
1355,POSA,319,K,1,missense,-0.2878586674025248
1356,POSA,319,L,1,missense,0.2638253263000846
1357,POSA,319,M,1,missense,-0.0265054325300423
1358,POSA,319,N,1,missense,-0.1989422275565709
1359,POSA,319,P,1,missense,-0.21441206620436634
1360,POSA,319,Q,1,missense,-0.2645525828946979
1361,POSA,319,R,1,missense,-0.2277824425348425
1362,POSA,319,S,1,missense,-0.2421931988726428
1363,POSA,319,T,1,missense,-0.16181938678676094
1364,POSA,319,V,1,missense,-0.2493816830842297
1365,POSA,319,W,1,missense,-0.1577921144367101
1366,POSA,319,Y,1,missense,0.2779061288856607
1367,POSA,320,*,1,nonsense,-0.1493822574185608
1368,POSA,320,A,1,missense,-0.18138403205362513
1369,POSA,320,C,1,missense,-0.2167885557281322
1370,POSA,320,D,1,missense,-0.2260341181093363
1371,POSA,320,E,1,missense,-0.3145586766994444
1372,POSA,320,F,1,missense,0.0799635947142299
1373,POSA,320,G,1,missense,-0.2064834359559703
1374,POSA,320,H,1,missense,-0.3777660860906818
1375,POSA,320,I,1,missense,0.2265429942973375
1376,POSA,320,K,1,missense,-0.1416442978879503
1377,POSA,320,L,1,missense,0.3425701818706295
1378,POSA,320,M,1,missense,0.2484465201160015
1379,POSA,320,P,1,missense,0.1070575885526813
1380,POSA,320,Q,1,missense,-0.2338825974053734
1381,POSA,320,R,1,missense,-0.0469448753012818
1382,POSA,320,S,1,missense,-0.2519458870755186
1383,POSA,320,T,1,missense,-0.2307808810827979
1384,POSA,320,V,1,missense,0.0326487228710673
1385,POSA,320,W,1,missense,0.4096966967045704
1386,POSA,320,Y,1,missense,-0.0257931760443536
1387,POSA,321,*,1,nonsense,-0.1479974817507805
1388,POSA,321,A,1,missense,-0.1744462275787939
1389,POSA,321,C,1,missense,-0.2674311667083647
1390,POSA,321,D,1,missense,-0.3189622588117786
1391,POSA,321,E,1,missense,0.2715109051813114
1392,POSA,321,F,1,missense,-0.213220859214852
1393,POSA,321,G,1,missense,-0.25889175452712104
1394,POSA,321,H,1,missense,-0.0394070543616789
1395,POSA,321,I,1,missense,-0.2565344859073666
1396,POSA,321,K,1,missense,-0.3817935988474988
1397,POSA,321,L,1,missense,-0.1849038472051192
1398,POSA,321,M,1,missense,-0.1929266678523481
1399,POSA,321,N,1,missense,-0.2644404773169519
1400,POSA,321,P,1,missense,-0.31700269879781684
1401,POSA,321,R,1,missense,-0.2552493229386697
1402,POSA,321,S,1,missense,-0.2667626151759184
1403,POSA,321,T,1,missense,-0.30499573439002914
1404,POSA,321,V,1,missense,-0.28927570278122444
1405,POSA,321,W,1,missense,-0.1881330656564167
1406,POSA,321,Y,1,missense,-0.1759968328754064
1407,POSA,322,*,1,nonsense,-0.1640839778267256
1408,POSA,322,A,1,missense,0.3483720662569581
1409,POSA,322,C,1,missense,0.169623073994826
1410,POSA,322,D,1,missense,-0.3034632426783973
1411,POSA,322,E,1,missense,0.0360754053703399
1412,POSA,322,F,1,missense,-0.0605428612142907
1413,POSA,322,H,1,missense,-0.3135527800909232
1414,POSA,322,I,1,missense,-0.0857279293379951
1415,POSA,322,K,1,missense,0.0173898347026748
1416,POSA,322,L,1,missense,-0.0814392491722321
1417,POSA,322,M,1,missense,0.3277593921087524
1418,POSA,322,N,1,missense,0.2703244299823106
1419,POSA,322,P,1,missense,-0.0289275477519139
1420,POSA,322,Q,1,missense,0.5419383556073046
1421,POSA,322,R,1,missense,-0.2738264344235113
1422,POSA,322,S,1,missense,0.4056387974904976
1423,POSA,322,T,1,missense,-0.0589652385684695
1424,POSA,322,V,1,missense,-0.23395152992394855
1425,POSA,322,W,1,missense,0.5207010886658741
1426,POSA,322,Y,1,missense,-0.2002218151761975
1427,POSA,323,A,1,missense,0.3910453129847141
1428,POSA,323,D,1,missense,-0.334175134306939
1429,POSA,323,F,1,missense,-0.3174646168769872
1430,POSA,323,G,1,missense,-0.2516154029389645
1431,POSA,323,H,1,missense,-0.2707016039619231
1432,POSA,323,I,1,missense,-0.1357201607043566
1433,POSA,323,L,1,missense,-0.20505854341351576
1434,POSA,323,N,1,missense,-0.2482082572438551
1435,POSA,323,P,1,missense,-0.1910843484718397
1436,POSA,323,Q,1,missense,-0.2325791969311321
1437,POSA,323,R,1,missense,0.5444732036616284
1438,POSA,323,S,1,missense,-0.22421506331495583
1439,POSA,323,T,1,missense,-0.2720987101948094
1440,POSA,323,V,1,missense,0.5797263038470108
1441,POSA,323,W,1,missense,0.0015431386250275
1442,POSA,323,Y,1,missense,-0.0771569861589229
1443,POSA,324,*,1,nonsense,-0.0714724746187797
1444,POSA,324,A,1,missense,0.5247019947574718
1445,POSA,324,C,1,missense,-0.0646192335066519
1446,POSA,324,D,1,missense,0.5327676205205853
1447,POSA,324,E,1,missense,0.5484400538758388
1448,POSA,324,F,1,missense,-0.1934980789002746
1449,POSA,324,G,1,missense,-0.27959494328332934
1450,POSA,324,I,1,missense,0.1041153555398292
1451,POSA,324,K,1,missense,0.5281123776114347
1452,POSA,324,L,1,missense,0.2342043613863553
1453,POSA,324,M,1,missense,0.4377722252386548
1454,POSA,324,N,1,missense,0.4825754819664404
1455,POSA,324,P,1,missense,-0.3696572206513231
1456,POSA,324,Q,1,missense,0.56093031821639
1457,POSA,324,R,1,missense,0.5004512828213127
1458,POSA,324,S,1,missense,-0.0240707259439592
1459,POSA,324,T,1,missense,-0.1269761448172264
1460,POSA,324,W,1,missense,-0.2753460883162141
1461,POSA,324,Y,1,missense,-0.1803136439538283
1462,POSA,325,*,1,nonsense,-0.2247691045857769
1463,POSA,325,A,1,missense,0.5711218460770175
1464,POSA,325,C,1,missense,-0.2208674021361732
1465,POSA,325,D,1,missense,-0.2142289848738801
1466,POSA,325,E,1,missense,-0.2374274310399718
1467,POSA,325,F,1,missense,-0.1234837676484172
1468,POSA,325,G,1,missense,-0.28877006419339574
1469,POSA,325,H,1,missense,-0.2544453408067116
1470,POSA,325,I,1,missense,-0.3139632715828109
1471,POSA,325,K,1,missense,0.5678900626594113
1472,POSA,325,L,1,missense,-0.0814392491722321
1473,POSA,325,M,1,missense,0.548657901662237
1474,POSA,325,N,1,missense,-0.4449174378127566
1475,POSA,325,P,1,missense,-0.24741302554040812
1476,POSA,325,Q,1,missense,0.4345188343829831
1477,POSA,325,R,1,missense,0.5063421901633705
1478,POSA,325,T,1,missense,-0.17599821461362652
1479,POSA,325,V,1,missense,-0.2890867298290496
1480,POSA,325,W,1,missense,-0.2812913290077009
1481,POSA,325,Y,1,missense,-0.2783538903050017
