,Drug,aa_pos,alt_aa,Nham_aa,mutation_type,nbarcodes,s_T2_T0
0,CTL,301,*,1,nonsense,4,-0.0114737113142793
1,CTL,301,C,1,missense,8,0.03767669413754915
2,CTL,301,D,1,missense,5,0.0851677772847092
3,CTL,301,E,1,missense,7,-0.0846002645761078
4,CTL,301,F,1,missense,7,0.0682964965977528
5,CTL,301,G,1,missense,15,0.0123103268655627
6,CTL,301,H,1,missense,3,0.0332583832045211
7,CTL,301,I,1,missense,9,-0.0230556338685927
8,CTL,301,K,1,missense,5,0.0123103268655627
9,CTL,301,L,1,missense,21,-0.0063050643401502
10,CTL,301,M,1,missense,7,-0.0256913736017811
11,CTL,301,N,1,missense,3,0.0706050299431942
12,CTL,301,P,1,missense,4,0.018415440246877652
13,CTL,301,Q,1,missense,1,0.0123103268655627
14,CTL,301,R,1,missense,18,0.05938230781899415
15,CTL,301,S,1,missense,13,0.0448054451013789
16,CTL,301,T,1,missense,3,0.0418431374323374
17,CTL,301,V,1,missense,16,0.009184282318277299
18,CTL,301,W,1,missense,6,-0.01468034910437145
19,CTL,301,Y,1,missense,9,0.0389323507777167
20,CTL,302,*,1,nonsense,9,-0.0148898185679665
21,CTL,302,A,1,missense,12,-0.0228656610128583
22,CTL,302,C,1,missense,2,-0.00029940284894310054
23,CTL,302,D,1,missense,4,0.12299125156427375
24,CTL,302,E,1,missense,4,0.12191145584691031
25,CTL,302,F,1,missense,13,0.0332583832045211
26,CTL,302,G,1,missense,8,-0.048820358052952345
27,CTL,302,H,1,missense,6,0.05381230272770785
28,CTL,302,I,1,missense,8,0.03141912219945505
29,CTL,302,L,1,missense,30,0.01301651676962895
30,CTL,302,M,1,missense,10,0.02004040406181935
31,CTL,302,N,1,missense,7,0.0903179071406782
32,CTL,302,P,1,missense,4,0.07916403159132986
33,CTL,302,Q,1,missense,3,-0.0382812177755826
34,CTL,302,R,1,missense,17,0.0448054451013789
35,CTL,302,S,1,missense,19,0.1011194621744928
36,CTL,302,T,1,missense,7,0.0370195755122215
37,CTL,302,V,1,missense,18,0.01372871687278655
38,CTL,302,W,1,missense,4,0.173714518264746
39,CTL,302,Y,1,missense,6,0.0944212477069791
40,CTL,303,*,1,nonsense,4,0.028197009974704902
41,CTL,303,A,1,missense,8,0.04075739810852145
42,CTL,303,C,1,missense,11,-0.0075587482098233
43,CTL,303,D,1,missense,10,0.00830559110978245
44,CTL,303,F,1,missense,15,0.0572086010081669
45,CTL,303,G,1,missense,21,-0.0148898185679665
46,CTL,303,H,1,missense,4,0.14386688643007325
47,CTL,303,I,1,missense,11,0.0142910128700803
48,CTL,303,K,1,missense,3,0.1608147258438383
49,CTL,303,L,1,missense,17,0.0027439509732225
50,CTL,303,M,1,missense,5,0.0814065849770088
51,CTL,303,N,1,missense,7,0.040867239541827
52,CTL,303,P,1,missense,5,0.1608147258438383
53,CTL,303,Q,1,missense,7,-0.0522364653066396
54,CTL,303,R,1,missense,15,0.0572086010081669
55,CTL,303,S,1,missense,16,-0.01468034910437145
56,CTL,303,T,1,missense,7,0.0801714058355344
57,CTL,303,V,1,missense,20,0.0510070230547729
58,CTL,303,W,1,missense,7,0.0753198773326774
59,CTL,303,Y,1,missense,5,-0.0230556338685927
60,CTL,304,*,1,nonsense,5,0.1384661089131659
61,CTL,304,A,1,missense,9,0.1011194621744928
62,CTL,304,C,1,missense,12,-0.005372653501515
63,CTL,304,D,1,missense,7,0.0903179071406782
64,CTL,304,E,1,missense,6,0.10585343929477425
65,CTL,304,F,1,missense,13,0.1011194621744928
66,CTL,304,G,1,missense,27,0.0332583832045211
67,CTL,304,H,1,missense,8,0.02140113334395325
68,CTL,304,I,1,missense,13,-0.0230556338685927
69,CTL,304,K,1,missense,6,0.0706050299431942
70,CTL,304,L,1,missense,14,0.0285578859834708
71,CTL,304,M,1,missense,3,-0.0063050643401502
72,CTL,304,N,1,missense,5,-0.0522364653066396
73,CTL,304,P,1,missense,8,0.1090116634260026
74,CTL,304,Q,1,missense,7,0.0332583832045211
75,CTL,304,R,1,missense,13,-0.0382812177755826
76,CTL,304,S,1,missense,27,-0.0063050643401502
77,CTL,304,V,1,missense,28,0.0027439509732225
78,CTL,304,W,1,missense,11,0.0851677772847092
79,CTL,304,Y,1,missense,11,0.1187532317156819
80,CTL,305,*,1,nonsense,12,-0.004056378219606549
81,CTL,305,A,1,missense,8,-0.0223888334719669
82,CTL,305,C,1,missense,15,-0.0382812177755826
83,CTL,305,D,1,missense,4,0.03513897935837135
84,CTL,305,E,1,missense,1,0.1011194621744928
85,CTL,305,F,1,missense,14,0.0336311366360427
86,CTL,305,G,1,missense,13,0.1187532317156819
87,CTL,305,H,1,missense,3,0.1187532317156819
88,CTL,305,K,1,missense,1,0.1866143106856537
89,CTL,305,L,1,missense,17,0.0389323507777168
90,CTL,305,M,1,missense,10,0.0233881707588198
91,CTL,305,N,1,missense,7,0.1608147258438383
92,CTL,305,P,1,missense,3,0.0448054451013789
93,CTL,305,Q,1,missense,5,0.1011194621744928
94,CTL,305,R,1,missense,10,0.09291775452632425
95,CTL,305,S,1,missense,18,0.0123103268655627
96,CTL,305,T,1,missense,6,0.07916403159132986
97,CTL,305,V,1,missense,22,0.02141727434255905
98,CTL,305,W,1,missense,5,-0.0148898185679665
99,CTL,305,Y,1,missense,6,0.0448054451013789
100,CTL,306,*,1,nonsense,7,0.0572086010081669
101,CTL,306,A,1,missense,12,0.0770976795187822
102,CTL,306,C,1,missense,12,0.02094509402997585
103,CTL,306,D,1,missense,4,0.10993634694508736
104,CTL,306,E,1,missense,3,0.1608147258438383
105,CTL,306,F,1,missense,12,0.02140113334395325
106,CTL,306,G,1,missense,12,0.0572086010081669
107,CTL,306,H,1,missense,3,0.1608147258438383
108,CTL,306,I,1,missense,10,0.01925019038061435
109,CTL,306,K,1,missense,4,0.013476659432185449
110,CTL,306,L,1,missense,16,0.0173835775181346
111,CTL,306,M,1,missense,7,0.0224568281707065
112,CTL,306,N,1,missense,4,0.14134819267768756
113,CTL,306,P,1,missense,5,0.0706050299431942
114,CTL,306,R,1,missense,20,0.093143619729601
115,CTL,306,S,1,missense,21,0.0448054451013789
116,CTL,306,T,1,missense,7,0.0615560146298214
117,CTL,306,V,1,missense,16,0.06498661119304405
118,CTL,306,W,1,missense,7,-0.0031291433504396
119,CTL,307,*,1,nonsense,7,-0.021722033075341
120,CTL,307,A,1,missense,7,0.0224568281707065
121,CTL,307,C,1,missense,12,0.0224568281707065
122,CTL,307,D,1,missense,3,0.0753198773326774
123,CTL,307,E,1,missense,7,0.0706050299431942
124,CTL,307,F,1,missense,18,0.0073320280662304005
125,CTL,307,G,1,missense,24,0.1187532317156819
126,CTL,307,H,1,missense,4,-0.03522028533618775
127,CTL,307,K,1,missense,6,0.07916403159132986
128,CTL,307,L,1,missense,24,0.00082892445187895
129,CTL,307,M,1,missense,5,-0.0063050643401502
130,CTL,307,N,1,missense,2,0.045233492106344
131,CTL,307,P,1,missense,6,0.11542572479532374
132,CTL,307,Q,1,missense,5,0.0572086010081669
133,CTL,307,R,1,missense,15,0.0448054451013789
134,CTL,307,S,1,missense,20,-0.0024420858755897
135,CTL,307,T,1,missense,9,0.0006903544844222
136,CTL,307,V,1,missense,15,0.0448054451013789
137,CTL,307,W,1,missense,7,0.0922306824061735
138,CTL,307,Y,1,missense,7,0.1384661089131659
139,CTL,308,*,1,nonsense,14,0.02620046228872915
140,CTL,308,A,1,missense,18,0.0510070230547729
141,CTL,308,C,1,missense,9,-0.0651171279967491
142,CTL,308,D,1,missense,5,0.0332583832045211
143,CTL,308,E,1,missense,7,0.0482564130125218
144,CTL,308,F,1,missense,6,0.1286096703144239
145,CTL,308,G,1,missense,14,0.0299762759906947
146,CTL,308,H,1,missense,6,-0.0872754051946246
147,CTL,308,I,1,missense,13,0.0706050299431942
148,CTL,308,K,1,missense,6,0.09283986982437206
149,CTL,308,L,1,missense,22,0.011223519291224799
150,CTL,308,N,1,missense,9,-0.0454042507992651
151,CTL,308,P,1,missense,11,0.0332583832045211
152,CTL,308,Q,1,missense,4,-0.055518572520466
153,CTL,308,R,1,missense,24,0.009091352817320049
154,CTL,308,S,1,missense,24,0.0706050299431942
155,CTL,308,T,1,missense,9,0.0448054451013789
156,CTL,308,V,1,missense,14,0.016233277522683998
157,CTL,308,W,1,missense,6,0.0448054451013789
158,CTL,308,Y,1,missense,8,0.1384661089131659
159,CTL,309,*,1,nonsense,12,0.03706281137317405
160,CTL,309,A,1,missense,11,0.1384661089131659
161,CTL,309,C,1,missense,12,0.0448054451013789
162,CTL,309,D,1,missense,4,0.1608147258438383
163,CTL,309,E,1,missense,2,0.06718892268950695
164,CTL,309,F,1,missense,13,0.0572086010081669
165,CTL,309,G,1,missense,16,0.05100702305477285
166,CTL,309,H,1,missense,7,0.0448054451013789
167,CTL,309,I,1,missense,12,0.0675883650088364
168,CTL,309,K,1,missense,5,0.1384661089131659
169,CTL,309,M,1,missense,3,0.0851677772847092
170,CTL,309,N,1,missense,7,0.0332583832045211
171,CTL,309,P,1,missense,8,0.07101624947836355
172,CTL,309,Q,1,missense,8,0.0075271389193925994
173,CTL,309,R,1,missense,12,0.0572086010081669
174,CTL,309,S,1,missense,17,0.0448054451013789
175,CTL,309,T,1,missense,6,0.0152572161156493
176,CTL,309,V,1,missense,21,0.0224568281707065
177,CTL,309,W,1,missense,8,-0.0658030581241731
178,CTL,309,Y,1,missense,10,-0.005372653501515
179,CTL,310,*,1,nonsense,12,-0.0023657549214907495
180,CTL,310,A,1,missense,17,0.0027439509732225
181,CTL,310,C,1,missense,8,-0.009116287619537599
182,CTL,310,D,1,missense,3,0.1384661089131659
183,CTL,310,E,1,missense,5,0.0224568281707065
184,CTL,310,F,1,missense,14,0.04653092905695035
185,CTL,310,G,1,missense,26,0.0227843550350419
186,CTL,310,H,1,missense,6,0.0655317792906223
187,CTL,310,I,1,missense,6,0.091304358724535
188,CTL,310,K,1,missense,5,-0.0522364653066396
189,CTL,310,L,1,missense,17,0.0050847725437133
190,CTL,310,M,1,missense,4,0.01925019038061435
191,CTL,310,N,1,missense,5,0.0370195755122215
192,CTL,310,P,1,missense,8,0.05381230272770785
193,CTL,310,Q,1,missense,5,0.0224568281707065
194,CTL,310,S,1,missense,22,0.06218133152010905
195,CTL,310,T,1,missense,5,-0.0522364653066396
196,CTL,310,V,1,missense,26,-0.0148898185679665
197,CTL,310,W,1,missense,14,-0.0092655882960937
198,CTL,310,Y,1,missense,8,0.0035549963507867
199,CTL,311,*,1,nonsense,11,0.0448054451013789
200,CTL,311,A,1,missense,7,-0.0256913736017811
201,CTL,311,C,1,missense,12,0.07252886195799696
202,CTL,311,D,1,missense,4,0.0012084398733854529
203,CTL,311,E,1,missense,6,0.013476659432185449
204,CTL,311,G,1,missense,29,0.0414241985051473
205,CTL,311,H,1,missense,1,0.0706050299431942
206,CTL,311,I,1,missense,10,-0.0043958635006643995
207,CTL,311,K,1,missense,6,-0.0679388048495175
208,CTL,311,L,1,missense,24,-0.0101558414476851
209,CTL,311,M,1,missense,5,0.0042297718897678
210,CTL,311,N,1,missense,7,0.0332583832045211
211,CTL,311,P,1,missense,6,0.005902175104450902
212,CTL,311,Q,1,missense,7,-0.0882387994843833
213,CTL,311,R,1,missense,13,0.0706050299431942
214,CTL,311,S,1,missense,24,0.00976744152152105
215,CTL,311,T,1,missense,7,0.0123103268655627
216,CTL,311,V,1,missense,22,0.0603069913380789
217,CTL,311,W,1,missense,7,0.0224568281707065
218,CTL,311,Y,1,missense,5,0.0360713236043677
219,CTL,312,*,1,nonsense,7,-0.1430031201706041
220,CTL,312,A,1,missense,9,-0.0406894034097819
221,CTL,312,C,1,missense,6,-0.021929882420237547
222,CTL,312,D,1,missense,13,0.0969867580293975
223,CTL,312,E,1,missense,9,-0.0477127841447065
224,CTL,312,G,1,missense,22,0.0224568281707065
225,CTL,312,H,1,missense,3,0.1866143106856537
226,CTL,312,I,1,missense,7,0.0851677772847092
227,CTL,312,K,1,missense,2,-0.0330595315486836
228,CTL,312,L,1,missense,15,0.0123103268655627
229,CTL,312,M,1,missense,4,0.00807588191527815
230,CTL,312,N,1,missense,3,-0.0555507521044089
231,CTL,312,P,1,missense,5,0.1316338944057914
232,CTL,312,Q,1,missense,2,0.09104016590206204
233,CTL,312,R,1,missense,21,0.0332583832045211
234,CTL,312,S,1,missense,20,0.04682200067914435
235,CTL,312,T,1,missense,4,0.0531807298656002
236,CTL,312,V,1,missense,17,0.014789868720849
237,CTL,312,W,1,missense,3,0.1053568027806545
238,CTL,312,Y,1,missense,9,0.0058723787690774
239,CTL,313,*,1,nonsense,13,0.0027439509732225
240,CTL,313,A,1,missense,12,-0.0228656610128583
241,CTL,313,C,1,missense,19,0.0615560146298214
242,CTL,313,E,1,missense,19,-0.0013383493124271
243,CTL,313,F,1,missense,21,0.0224568281707065
244,CTL,313,G,1,missense,28,0.06997345708108654
245,CTL,313,H,1,missense,5,0.0090603992356791
246,CTL,313,I,1,missense,11,0.0027439509732225
247,CTL,313,K,1,missense,13,-0.0279640799077997
248,CTL,313,L,1,missense,55,0.0488385562569098
249,CTL,313,M,1,missense,19,0.0651171279967491
250,CTL,313,N,1,missense,14,0.04653092905695035
251,CTL,313,P,1,missense,14,0.0233881707588198
252,CTL,313,Q,1,missense,9,-0.0237785983362858
253,CTL,313,R,1,missense,30,-0.02530998924015295
254,CTL,313,S,1,missense,41,0.014789868720849
255,CTL,313,T,1,missense,22,-0.0072272004700927
256,CTL,313,V,1,missense,32,0.0075271389193925994
257,CTL,313,W,1,missense,17,-0.0200399484239356
258,CTL,313,Y,1,missense,14,-0.03716648949576
259,CTL,314,*,1,nonsense,12,0.0227843550350419
260,CTL,314,A,1,missense,14,0.020731344215135047
261,CTL,314,C,1,missense,10,0.0215896389905458
262,CTL,314,D,1,missense,11,-0.0003270712264516
263,CTL,314,E,1,missense,11,-0.0106524779618048
264,CTL,314,F,1,missense,13,0.0123103268655627
265,CTL,314,G,1,missense,17,0.0448054451013789
266,CTL,314,H,1,missense,10,-0.0164614577119288
267,CTL,314,I,1,missense,13,-0.0522364653066396
268,CTL,314,K,1,missense,11,-0.0092158509947709
269,CTL,314,L,1,missense,22,-0.024373503735186902
270,CTL,314,M,1,missense,2,0.024814251865448254
271,CTL,314,N,1,missense,5,0.0572086010081669
272,CTL,314,P,1,missense,11,-0.0230556338685927
273,CTL,314,Q,1,missense,10,-0.046055483712446846
274,CTL,314,R,1,missense,26,0.02094509402997585
275,CTL,314,S,1,missense,21,0.0314090161663515
276,CTL,314,T,1,missense,13,-0.0063050643401502
277,CTL,314,W,1,missense,17,-0.0063050643401502
278,CTL,314,Y,1,missense,8,0.040766339078348
279,CTL,315,*,1,nonsense,16,0.0157586137031928
280,CTL,315,A,1,missense,17,0.0123103268655627
281,CTL,315,D,1,missense,7,0.0123103268655627
282,CTL,315,E,1,missense,12,0.06260571071121834
283,CTL,315,F,1,missense,17,0.0224568281707065
284,CTL,315,G,1,missense,26,0.0196917903869876
285,CTL,315,H,1,missense,9,-0.0522364653066396
286,CTL,315,I,1,missense,12,0.02320735344376325
287,CTL,315,K,1,missense,5,-0.0651171279967491
288,CTL,315,L,1,missense,20,-0.018972726218279598
289,CTL,315,M,1,missense,12,0.03187516151343245
290,CTL,315,N,1,missense,8,0.0778864036139517
291,CTL,315,P,1,missense,10,0.06006266121702815
292,CTL,315,Q,1,missense,5,-0.013207733916561
293,CTL,315,R,1,missense,21,0.0706050299431942
294,CTL,315,S,1,missense,20,0.055089930705086
295,CTL,315,T,1,missense,18,0.03166203385626675
296,CTL,315,V,1,missense,17,-0.0382812177755826
297,CTL,315,W,1,missense,14,0.0157586137031928
298,CTL,315,Y,1,missense,8,0.0377607554274024
299,CTL,316,*,1,nonsense,5,-0.0148898185679665
300,CTL,316,A,1,missense,11,0.0139592664502148
301,CTL,316,C,1,missense,12,0.01803991819260295
302,CTL,316,D,1,missense,7,0.029579861194389
303,CTL,316,E,1,missense,7,0.0572086010081669
304,CTL,316,G,1,missense,15,0.0288537602115953
305,CTL,316,H,1,missense,5,0.1011194621744928
306,CTL,316,I,1,missense,5,0.0448054451013789
307,CTL,316,K,1,missense,8,0.0868644497381843
308,CTL,316,L,1,missense,15,-0.0308415034577501
309,CTL,316,M,1,missense,12,-0.0004580259793618498
310,CTL,316,N,1,missense,5,0.0706050299431942
311,CTL,316,P,1,missense,10,-0.047129734754836554
312,CTL,316,Q,1,missense,7,0.0090603992356791
313,CTL,316,R,1,missense,24,-0.011980663145146949
314,CTL,316,S,1,missense,17,-0.0063050643401502
315,CTL,316,T,1,missense,12,-0.0014536695216638
316,CTL,316,V,1,missense,25,0.0123103268655627
317,CTL,316,W,1,missense,9,-0.0987025824277219
318,CTL,316,Y,1,missense,4,-0.0267218467498684
319,CTL,317,*,1,nonsense,13,-0.0148898185679665
320,CTL,317,A,1,missense,15,0.015624613663332
321,CTL,317,C,1,missense,7,0.0448054451013789
322,CTL,317,D,1,missense,7,-0.0630380203404542
323,CTL,317,E,1,missense,10,0.00326211366289815
324,CTL,317,F,1,missense,16,0.0382387043561358
325,CTL,317,G,1,missense,22,0.026932922168528998
326,CTL,317,I,1,missense,13,0.0540205805415651
327,CTL,317,K,1,missense,7,-0.0040882635341519
328,CTL,317,L,1,missense,31,0.0231556434407494
329,CTL,317,M,1,missense,12,-0.006072933797372001
330,CTL,317,N,1,missense,7,0.0920704468611201
331,CTL,317,P,1,missense,7,0.0851677772847092
332,CTL,317,Q,1,missense,3,-0.0092158509947709
333,CTL,317,R,1,missense,25,0.0355049406136778
334,CTL,317,S,1,missense,15,-0.0308415034577501
335,CTL,317,T,1,missense,9,0.0054218643274036
336,CTL,317,V,1,missense,32,0.0525148657771015
337,CTL,317,W,1,missense,11,-0.0454042507992651
338,CTL,317,Y,1,missense,9,0.0058723787690774
339,CTL,318,*,1,nonsense,13,0.0332583832045211
340,CTL,318,A,1,missense,15,0.0139592664502148
341,CTL,318,C,1,missense,7,0.0706050299431942
342,CTL,318,D,1,missense,11,0.0224568281707065
343,CTL,318,E,1,missense,8,0.0567148945200278
344,CTL,318,F,1,missense,15,-0.0430634292287744
345,CTL,318,G,1,missense,19,0.0074587983627058
346,CTL,318,I,1,missense,14,-0.045258841541111094
347,CTL,318,K,1,missense,9,0.0332583832045211
348,CTL,318,L,1,missense,27,-0.0063050643401502
349,CTL,318,M,1,missense,10,0.029619418277145048
350,CTL,318,N,1,missense,11,0.0680882003493057
351,CTL,318,P,1,missense,10,0.0410484697307155
352,CTL,318,Q,1,missense,3,0.0482564130125218
353,CTL,318,R,1,missense,35,0.0123103268655627
354,CTL,318,S,1,missense,33,0.0250925679038949
355,CTL,318,T,1,missense,15,0.0190058602595636
356,CTL,318,V,1,missense,19,0.0572086010081669
357,CTL,318,W,1,missense,8,0.01616190608380585
358,CTL,318,Y,1,missense,18,0.05428913026859925
359,CTL,319,*,1,nonsense,7,0.0448054451013789
360,CTL,319,A,1,missense,18,-0.0014127186977430498
361,CTL,319,C,1,missense,14,0.01535725558603565
362,CTL,319,D,1,missense,8,0.05921308024461515
363,CTL,319,E,1,missense,12,0.024218640760237747
364,CTL,319,F,1,missense,18,0.0161041737551882
365,CTL,319,G,1,missense,22,0.06467022893712125
366,CTL,319,H,1,missense,10,0.0644449717162844
367,CTL,319,K,1,missense,9,0.0706050299431942
368,CTL,319,L,1,missense,21,-0.0176562619501437
369,CTL,319,M,1,missense,12,0.0285105673466363
370,CTL,319,N,1,missense,9,0.0370195755122215
371,CTL,319,P,1,missense,14,0.05744735439982765
372,CTL,319,Q,1,missense,4,-0.00097590618569365
373,CTL,319,R,1,missense,26,0.03993727915010165
374,CTL,319,S,1,missense,19,0.086696244656836
375,CTL,319,T,1,missense,10,0.0778864036139517
376,CTL,319,V,1,missense,14,0.1011194621744928
377,CTL,319,W,1,missense,17,-0.0148898185679665
378,CTL,319,Y,1,missense,16,0.020731344215135047
379,CTL,320,*,1,nonsense,3,0.0668438376354938
380,CTL,320,A,1,missense,15,0.0304919398223438
381,CTL,320,C,1,missense,11,0.0123103268655628
382,CTL,320,D,1,missense,5,-0.0256913736017811
383,CTL,320,E,1,missense,9,0.0123103268655627
384,CTL,320,F,1,missense,15,0.0332583832045211
385,CTL,320,G,1,missense,28,0.0310560717080582
386,CTL,320,H,1,missense,5,0.040867239541827
387,CTL,320,I,1,missense,7,0.0224568281707065
388,CTL,320,K,1,missense,9,0.0250925679038949
389,CTL,320,L,1,missense,22,0.00677844496467175
390,CTL,320,M,1,missense,8,-0.04417488755859665
391,CTL,320,P,1,missense,5,-0.0230556338685927
392,CTL,320,Q,1,missense,6,-0.10612471812832505
393,CTL,320,R,1,missense,20,-0.00989716115820135
394,CTL,320,S,1,missense,21,0.0572086010081669
395,CTL,320,T,1,missense,10,0.0760058074601015
396,CTL,320,V,1,missense,17,0.0332583832045211
397,CTL,320,W,1,missense,7,-0.1036989538768966
398,CTL,320,Y,1,missense,9,0.0598034749093797
399,CTL,321,*,1,nonsense,7,0.0448054451013789
400,CTL,321,A,1,missense,10,0.0224568281707065
401,CTL,321,C,1,missense,10,0.00371815297687555
402,CTL,321,D,1,missense,2,0.05921308024461515
403,CTL,321,E,1,missense,4,0.06678080258236485
404,CTL,321,F,1,missense,9,0.0183241240256112
405,CTL,321,G,1,missense,16,-0.02390521484100585
406,CTL,321,H,1,missense,4,0.0486306368282153
407,CTL,321,I,1,missense,9,0.0929536468738666
408,CTL,321,K,1,missense,6,0.1496404173785021
409,CTL,321,L,1,missense,17,0.0550765210412464
410,CTL,321,M,1,missense,9,0.0851677772847092
411,CTL,321,N,1,missense,4,0.0684379459812494
412,CTL,321,P,1,missense,8,0.04244802140663725
413,CTL,321,R,1,missense,18,0.0074906836772512505
414,CTL,321,S,1,missense,16,0.02403337832678445
415,CTL,321,T,1,missense,8,-0.00268449492119325
416,CTL,321,V,1,missense,23,0.0389323507777168
417,CTL,321,W,1,missense,10,0.07168498738575846
418,CTL,321,Y,1,missense,14,0.0527325070103443
419,CTL,322,*,1,nonsense,2,-0.045404250799265154
420,CTL,322,A,1,missense,9,0.0123103268655627
421,CTL,322,C,1,missense,10,-0.01066033736608505
422,CTL,322,D,1,missense,5,0.0123103268655627
423,CTL,322,E,1,missense,4,0.12063382786953211
424,CTL,322,F,1,missense,9,0.0572086010081669
425,CTL,322,H,1,missense,3,0.1263620880529878
426,CTL,322,I,1,missense,2,-0.004382310499256206
427,CTL,322,K,1,missense,2,-0.005372653501514946
428,CTL,322,L,1,missense,13,0.0806643841419565
429,CTL,322,M,1,missense,2,0.1286096703144239
430,CTL,322,N,1,missense,5,-0.0935524525717528
431,CTL,322,P,1,missense,3,0.0027439509732225
432,CTL,322,Q,1,missense,3,-0.1178509868674546
433,CTL,322,R,1,missense,16,0.0332583832045211
434,CTL,322,S,1,missense,13,0.0142910128700803
435,CTL,322,T,1,missense,4,-0.00029940284894310054
436,CTL,322,V,1,missense,19,-0.0148898185679665
437,CTL,322,W,1,missense,5,0.1053568027806545
438,CTL,322,Y,1,missense,7,-0.0009345710369094
439,CTL,323,*,1,nonsense,1,0.0572086010081669
440,CTL,323,A,1,missense,3,0.0307970739342548
441,CTL,323,D,1,missense,3,0.0987454363555003
442,CTL,323,E,1,missense,1,0.1608147258438383
443,CTL,323,F,1,missense,6,0.1090116634260026
444,CTL,323,G,1,missense,6,0.0479595640052517
445,CTL,323,H,1,missense,3,0.1455891419368484
446,CTL,323,I,1,missense,9,0.0660193728449764
447,CTL,323,L,1,missense,4,-0.0696959929187518
448,CTL,323,M,1,missense,1,-0.0148898185679665
449,CTL,323,N,1,missense,5,0.0198619542694937
450,CTL,323,P,1,missense,2,0.029976275990694752
451,CTL,323,Q,1,missense,2,0.11413090638916451
452,CTL,323,R,1,missense,9,0.0706050299431942
453,CTL,323,S,1,missense,9,0.0448054451013789
454,CTL,323,T,1,missense,2,0.03641660733574945
455,CTL,323,V,1,missense,7,0.0814065849770088
456,CTL,323,W,1,missense,2,0.060748591344452305
457,CTL,323,Y,1,missense,7,-0.0063050643401502
458,CTL,324,*,1,nonsense,3,0.0190058602595636
459,CTL,324,A,1,missense,7,0.0540205805415651
460,CTL,324,C,1,missense,8,-0.038228470842218046
461,CTL,324,D,1,missense,3,-0.0712038356410804
462,CTL,324,E,1,missense,5,0.0877230332394654
463,CTL,324,F,1,missense,8,-0.03456136061666635
464,CTL,324,G,1,missense,15,0.0671540620320513
465,CTL,324,I,1,missense,4,-0.0499287584559515
466,CTL,324,K,1,missense,6,-0.03107171820270055
467,CTL,324,L,1,missense,12,-0.0539592167112464
468,CTL,324,M,1,missense,4,0.08950465480222496
469,CTL,324,N,1,missense,5,0.027770481258076
470,CTL,324,P,1,missense,4,0.0817793384085304
471,CTL,324,Q,1,missense,1,0.0668438376354938
472,CTL,324,R,1,missense,11,0.0332583832045211
473,CTL,324,S,1,missense,3,0.0706050299431942
474,CTL,324,T,1,missense,2,0.09078619603485935
475,CTL,324,W,1,missense,9,0.0440599382383356
476,CTL,324,Y,1,missense,3,-0.1682457460490991
477,CTL,325,*,1,nonsense,6,0.034949006502636895
478,CTL,325,A,1,missense,14,0.0278576056876138
479,CTL,325,C,1,missense,8,0.005500816987293601
480,CTL,325,D,1,missense,3,0.0637728154358197
481,CTL,325,E,1,missense,9,0.074842370549356
482,CTL,325,F,1,missense,10,0.045212037675509305
483,CTL,325,G,1,missense,17,0.0448054451013789
484,CTL,325,H,1,missense,9,0.0821520918400521
485,CTL,325,I,1,missense,10,0.032149982801522
486,CTL,325,K,1,missense,4,-0.1177898374259232
487,CTL,325,L,1,missense,17,-0.0033427566711087
488,CTL,325,M,1,missense,13,0.0851677772847092
489,CTL,325,N,1,missense,1,0.0615560146298214
490,CTL,325,P,1,missense,3,-0.1430031201706041
491,CTL,325,Q,1,missense,5,0.0123103268655627
492,CTL,325,R,1,missense,8,-0.07109702898074585
493,CTL,325,T,1,missense,9,0.0572086010081668
494,CTL,325,V,1,missense,23,0.0671540620320513
495,CTL,325,W,1,missense,10,-0.0354387789512062
496,CTL,325,Y,1,missense,9,0.0389323507777167
497,NQO,301,*,1,nonsense,4,-0.25672008155810055
498,NQO,301,C,1,missense,8,-0.0026265858127055503
499,NQO,301,D,1,missense,5,-0.0146968337765729
500,NQO,301,E,1,missense,7,-0.0021333550554786
501,NQO,301,F,1,missense,7,-0.2796487960602754
502,NQO,301,G,1,missense,15,0.0052708514692922
503,NQO,301,H,1,missense,3,0.0640166090327889
504,NQO,301,I,1,missense,9,0.1096764548515495
505,NQO,301,K,1,missense,5,0.0049683904042127
506,NQO,301,L,1,missense,21,0.0801744849140973
507,NQO,301,M,1,missense,7,-0.1298145017681355
508,NQO,301,N,1,missense,3,0.0236756283418453
509,NQO,301,P,1,missense,4,-0.11356081828968201
510,NQO,301,Q,1,missense,1,-0.1991403750677269
511,NQO,301,R,1,missense,18,-0.02716633458258625
512,NQO,301,S,1,missense,13,0.1049006634887591
513,NQO,301,T,1,missense,3,0.0719031185343796
514,NQO,301,V,1,missense,16,0.02047058135184645
515,NQO,301,W,1,missense,6,-0.2782083913996302
516,NQO,301,Y,1,missense,9,0.0868893976172241
517,NQO,302,*,1,nonsense,9,-0.0054445810615414
518,NQO,302,A,1,missense,12,-0.1005778367228635
519,NQO,302,C,1,missense,2,-0.007804332291326734
520,NQO,302,D,1,missense,4,-0.3182195188082631
521,NQO,302,E,1,missense,4,-0.3431078568095714
522,NQO,302,F,1,missense,13,-0.0225833432781636
523,NQO,302,G,1,missense,8,-0.14429434782465705
524,NQO,302,H,1,missense,6,-0.12724607615270295
525,NQO,302,I,1,missense,8,0.19450840376059436
526,NQO,302,L,1,missense,30,0.1606013523774913
527,NQO,302,M,1,missense,10,0.2416039629669792
528,NQO,302,N,1,missense,7,-0.1662252259263949
529,NQO,302,P,1,missense,4,-0.16553042948710056
530,NQO,302,Q,1,missense,3,-0.0686840980112729
531,NQO,302,R,1,missense,17,0.0317460590787341
532,NQO,302,S,1,missense,19,-0.0913215924815897
533,NQO,302,T,1,missense,7,0.0261872206793973
534,NQO,302,V,1,missense,18,0.2021470863523562
535,NQO,302,W,1,missense,4,-0.1102362866582855
536,NQO,302,Y,1,missense,6,-0.1062271952509734
537,NQO,303,*,1,nonsense,4,-0.034772263190067154
538,NQO,303,A,1,missense,8,-0.16778522806013552
539,NQO,303,C,1,missense,11,-0.0134173606693184
540,NQO,303,D,1,missense,10,-0.15592415849515695
541,NQO,303,F,1,missense,15,-0.0356305010206717
542,NQO,303,G,1,missense,21,-0.0382433351540113
543,NQO,303,H,1,missense,4,-0.0642373513860725
544,NQO,303,I,1,missense,11,-0.0600766970676022
545,NQO,303,K,1,missense,3,-0.0534922041281981
546,NQO,303,L,1,missense,17,0.0114362357106712
547,NQO,303,M,1,missense,5,-0.0154442091913133
548,NQO,303,N,1,missense,7,-0.1062897836068809
549,NQO,303,P,1,missense,5,0.0028142396671672
550,NQO,303,Q,1,missense,7,0.0137654297074684
551,NQO,303,R,1,missense,15,-0.0100198645570694
552,NQO,303,S,1,missense,16,0.00893559167427285
553,NQO,303,T,1,missense,7,0.0640166090327889
554,NQO,303,V,1,missense,20,0.00563350881923245
555,NQO,303,W,1,missense,7,-0.0534922041281981
556,NQO,303,Y,1,missense,5,-0.0225833432781636
557,NQO,304,*,1,nonsense,5,-0.1669803691883729
558,NQO,304,A,1,missense,9,-0.193788383036693
559,NQO,304,C,1,missense,12,-0.0971697519146634
560,NQO,304,D,1,missense,7,-0.2088304056425768
561,NQO,304,E,1,missense,6,-0.13053573237072774
562,NQO,304,F,1,missense,13,-0.1291509808349813
563,NQO,304,G,1,missense,27,-0.1339267721977717
564,NQO,304,H,1,missense,8,-0.17960010837637136
565,NQO,304,I,1,missense,13,0.0062195354335321
566,NQO,304,K,1,missense,6,-0.14422783962900954
567,NQO,304,L,1,missense,14,0.02774257974879745
568,NQO,304,M,1,missense,3,-0.0381474203667241
569,NQO,304,N,1,missense,5,0.0139535657627417
570,NQO,304,P,1,missense,8,-0.12207032235570785
571,NQO,304,Q,1,missense,7,-0.1530244179508915
572,NQO,304,R,1,missense,13,-0.1483635228188685
573,NQO,304,S,1,missense,27,0.0448944586170299
574,NQO,304,V,1,missense,28,-0.0460319893069428
575,NQO,304,W,1,missense,11,-0.1291509808349813
576,NQO,304,Y,1,missense,11,-0.1060725774503158
577,NQO,305,*,1,nonsense,12,-0.055327535864432204
578,NQO,305,A,1,missense,8,-0.08998999905477825
579,NQO,305,C,1,missense,15,-0.0195286771755849
580,NQO,305,D,1,missense,4,-0.29255670340118234
581,NQO,305,E,1,missense,1,0.2285921589251189
582,NQO,305,F,1,missense,14,-0.067561883017469
583,NQO,305,G,1,missense,13,-0.2088304056425768
584,NQO,305,H,1,missense,3,-0.4638157172104161
585,NQO,305,K,1,missense,1,-0.39507746800699
586,NQO,305,L,1,missense,17,-0.0777520017154398
587,NQO,305,M,1,missense,10,-0.0371183645982758
588,NQO,305,N,1,missense,7,-0.1311338032279773
589,NQO,305,P,1,missense,3,-0.1512739699574045
590,NQO,305,Q,1,missense,5,-0.39507746800699
591,NQO,305,R,1,missense,10,-0.23035344995784207
592,NQO,305,S,1,missense,18,-0.1798490503791017
593,NQO,305,T,1,missense,6,-0.19337597521755956
594,NQO,305,V,1,missense,22,0.00908343201528915
595,NQO,305,W,1,missense,5,-0.1952608148764268
596,NQO,305,Y,1,missense,6,-0.239063847054431
597,NQO,306,*,1,nonsense,7,-0.0777520017154398
598,NQO,306,A,1,missense,12,-0.20145491315821373
599,NQO,306,C,1,missense,12,-0.10977685631402584
600,NQO,306,D,1,missense,4,-0.1931147587057386
601,NQO,306,E,1,missense,3,-0.18619291117226
602,NQO,306,F,1,missense,12,0.040632073450280706
603,NQO,306,G,1,missense,12,-0.1975116584074184
604,NQO,306,H,1,missense,3,-0.39507746800699
605,NQO,306,I,1,missense,10,-0.16727821699556425
606,NQO,306,K,1,missense,4,-0.05426129927746045
607,NQO,306,L,1,missense,16,-0.1577771784082028
608,NQO,306,M,1,missense,7,-0.1607081383909578
609,NQO,306,N,1,missense,4,-0.20591106815136923
610,NQO,306,P,1,missense,5,-0.3263392188035638
611,NQO,306,R,1,missense,20,-0.2194049453667974
612,NQO,306,S,1,missense,21,-0.18619291117226
613,NQO,306,T,1,missense,7,-0.2088304056425768
614,NQO,306,V,1,missense,16,-0.15160333211337265
615,NQO,306,W,1,missense,7,5.4151192153132494e-05
616,NQO,307,*,1,nonsense,7,-0.0870294801402132
617,NQO,307,A,1,missense,7,-0.0913215924815897
618,NQO,307,C,1,missense,12,-0.08114011700856799
619,NQO,307,D,1,missense,3,-0.2088304056425768
620,NQO,307,E,1,missense,7,-0.497835296199251
621,NQO,307,F,1,missense,18,0.0620637594764734
622,NQO,307,G,1,missense,24,-0.1885808068536552
623,NQO,307,H,1,missense,4,-0.2002993882783033
624,NQO,307,K,1,missense,6,-0.3289475689421334
625,NQO,307,L,1,missense,24,0.0488329925474067
626,NQO,307,M,1,missense,5,0.0564807291949844
627,NQO,307,N,1,missense,2,-0.34310785680957145
628,NQO,307,P,1,missense,6,-0.058606465548158
629,NQO,307,Q,1,missense,5,-0.2026650214011978
630,NQO,307,R,1,missense,15,-0.2314679001128936
631,NQO,307,S,1,missense,20,-0.13486340814777292
632,NQO,307,T,1,missense,9,-0.0425510285240288
633,NQO,307,V,1,missense,15,0.0246667675997853
634,NQO,307,W,1,missense,7,-0.0651885229943455
635,NQO,307,Y,1,missense,7,-0.0299325167292462
636,NQO,308,*,1,nonsense,14,-0.0990327871512873
637,NQO,308,A,1,missense,18,-0.11511617735908214
638,NQO,308,C,1,missense,9,-0.0116421676739942
639,NQO,308,D,1,missense,5,0.0409382056481234
640,NQO,308,E,1,missense,7,-0.1012967860875255
641,NQO,308,F,1,missense,6,-0.16553042948710056
642,NQO,308,G,1,missense,14,-0.0913215924815897
643,NQO,308,H,1,missense,6,-0.0399426783854592
644,NQO,308,I,1,missense,13,-0.221393884363671
645,NQO,308,K,1,missense,6,-0.15737471266963204
646,NQO,308,L,1,missense,22,0.034635081234043644
647,NQO,308,N,1,missense,9,-0.165120796078892
648,NQO,308,P,1,missense,11,-0.1222304533316243
649,NQO,308,Q,1,missense,4,-0.1452002536380072
650,NQO,308,R,1,missense,24,-0.0406292232951878
651,NQO,308,S,1,missense,24,-0.07599647511140625
652,NQO,308,T,1,missense,9,-0.1383883292129327
653,NQO,308,V,1,missense,14,-0.0980573484123255
654,NQO,308,W,1,missense,6,-0.33102354268551065
655,NQO,308,Y,1,missense,8,-0.1418854551921998
656,NQO,309,*,1,nonsense,12,-0.04721815352370005
657,NQO,309,A,1,missense,11,-0.1918633187641779
658,NQO,309,C,1,missense,12,-0.10677602290660701
659,NQO,309,D,1,missense,4,-0.40814400275061213
660,NQO,309,E,1,missense,2,-0.3985377317586685
661,NQO,309,F,1,missense,13,0.0261872206793973
662,NQO,309,G,1,missense,16,-0.2332156876213573
663,NQO,309,H,1,missense,7,-0.18619291117226
664,NQO,309,I,1,missense,12,0.0511094369853146
665,NQO,309,K,1,missense,5,-0.2088304056425768
666,NQO,309,M,1,missense,3,0.0136237419583031
667,NQO,309,N,1,missense,7,-0.3724399735366732
668,NQO,309,P,1,missense,8,-0.09576551125111721
669,NQO,309,Q,1,missense,8,-0.2553690757603379
670,NQO,309,R,1,missense,12,-0.21855222428250703
671,NQO,309,S,1,missense,17,-0.1896178636586897
672,NQO,309,T,1,missense,6,-0.19206955815088977
673,NQO,309,V,1,missense,21,-0.0568055874220468
674,NQO,309,W,1,missense,8,-0.0334190995142052
675,NQO,309,Y,1,missense,10,-0.18444512366379634
676,NQO,310,*,1,nonsense,12,-0.09233837425754765
677,NQO,310,A,1,missense,17,-0.0333850459151835
678,NQO,310,C,1,missense,8,0.0098250185232667
679,NQO,310,D,1,missense,3,-0.1139590869519065
680,NQO,310,E,1,missense,5,-0.2330902032298185
681,NQO,310,F,1,missense,14,-0.08133774985865716
682,NQO,310,G,1,missense,26,-0.049011246770497396
683,NQO,310,H,1,missense,6,0.036519173405567554
684,NQO,310,I,1,missense,6,-0.04960257246380545
685,NQO,310,K,1,missense,5,0.0158197491151511
686,NQO,310,L,1,missense,17,-0.0127812271574071
687,NQO,310,M,1,missense,4,-0.08680833766074185
688,NQO,310,N,1,missense,5,-0.1309261738303054
689,NQO,310,P,1,missense,8,-0.05860646554815806
690,NQO,310,Q,1,missense,5,-0.0534922041281982
691,NQO,310,S,1,missense,22,-0.03659185905312205
692,NQO,310,T,1,missense,5,-0.0476119829179049
693,NQO,310,V,1,missense,26,-0.19121730619200034
694,NQO,310,W,1,missense,14,-0.12271621220257611
695,NQO,310,Y,1,missense,8,-0.15509672858537826
696,NQO,311,*,1,nonsense,11,-0.1044409057399809
697,NQO,311,A,1,missense,7,-0.2648160747310595
698,NQO,311,C,1,missense,12,-0.07431180298717226
699,NQO,311,D,1,missense,4,-0.03209817385836265
700,NQO,311,E,1,missense,6,-0.1887123269591781
701,NQO,311,G,1,missense,29,-0.1291509808349813
702,NQO,311,H,1,missense,1,0.0189721155484756
703,NQO,311,I,1,missense,10,-0.09844887193059876
704,NQO,311,K,1,missense,6,-0.1363001322208951
705,NQO,311,L,1,missense,24,-0.0212484386659378
706,NQO,311,M,1,missense,5,-0.0729208447799796
707,NQO,311,N,1,missense,7,-0.0913215924815897
708,NQO,311,P,1,missense,6,0.03113405542771855
709,NQO,311,Q,1,missense,7,-0.0481098669233656
710,NQO,311,R,1,missense,13,-0.1662252259263949
711,NQO,311,S,1,missense,24,-0.0384423792017261
712,NQO,311,T,1,missense,7,-0.1646296434938989
713,NQO,311,V,1,missense,22,-0.2489811814817161
714,NQO,311,W,1,missense,7,0.0334023258103189
715,NQO,311,Y,1,missense,5,-0.0749027013339266
716,NQO,312,*,1,nonsense,7,-0.0326175960667235
717,NQO,312,A,1,missense,9,0.0038639605567098
718,NQO,312,C,1,missense,6,0.06093468997752265
719,NQO,312,D,1,missense,13,-0.0328609979491788
720,NQO,312,E,1,missense,9,-0.1007423150061471
721,NQO,312,G,1,missense,22,-0.03127304334351695
722,NQO,312,H,1,missense,3,-0.175482231024411
723,NQO,312,I,1,missense,7,0.0389398007943407
724,NQO,312,K,1,missense,2,-0.1225106222618593
725,NQO,312,L,1,missense,15,0.010855853829173
726,NQO,312,M,1,missense,4,0.0214127807836871
727,NQO,312,N,1,missense,3,-0.3641686071569555
728,NQO,312,P,1,missense,5,0.0045157082073141
729,NQO,312,Q,1,missense,2,-0.0020411805500464494
730,NQO,312,R,1,missense,21,-0.1457248799483989
731,NQO,312,S,1,missense,20,-0.1628146235669686
732,NQO,312,T,1,missense,4,0.0015283568891467508
733,NQO,312,V,1,missense,17,0.0311737384608775
734,NQO,312,W,1,missense,3,-0.1196421682164658
735,NQO,312,Y,1,missense,9,-0.3724399735366732
736,NQO,313,*,1,nonsense,13,-0.1421981385774894
737,NQO,313,A,1,missense,12,-0.1771800737891996
738,NQO,313,C,1,missense,19,-0.2828394228582544
739,NQO,313,E,1,missense,19,-0.0758992031421946
740,NQO,313,F,1,missense,21,-0.3078267303210162
741,NQO,313,G,1,missense,28,-0.00017401769663813376
742,NQO,313,H,1,missense,5,-0.2628176698772768
743,NQO,313,I,1,missense,11,-0.1184403006871323
744,NQO,313,K,1,missense,13,-0.0706776822385675
745,NQO,313,L,1,missense,55,-0.1515389838960185
746,NQO,313,M,1,missense,19,-0.1282793625550186
747,NQO,313,N,1,missense,14,-0.05828575729586385
748,NQO,313,P,1,missense,14,0.01679941550684915
749,NQO,313,Q,1,missense,9,-0.2718213457413089
750,NQO,313,R,1,missense,30,-0.03860237010185785
751,NQO,313,S,1,missense,41,-0.2140471059197159
752,NQO,313,T,1,missense,22,-0.1692164315639491
753,NQO,313,V,1,missense,32,-0.21345890819158486
754,NQO,313,W,1,missense,17,-0.1153897231382875
755,NQO,313,Y,1,missense,14,-0.181954236886068
756,NQO,314,*,1,nonsense,12,-0.0544219906829386
757,NQO,314,A,1,missense,14,-0.2033598178404921
758,NQO,314,C,1,missense,10,-0.08633399567862185
759,NQO,314,D,1,missense,11,-0.3853874374321401
760,NQO,314,E,1,missense,11,-0.3137757400824696
761,NQO,314,F,1,missense,13,-0.1134655512845404
762,NQO,314,G,1,missense,17,-0.2473233149291226
763,NQO,314,H,1,missense,10,0.12433553523503965
764,NQO,314,I,1,missense,13,-0.0627350882498196
765,NQO,314,K,1,missense,11,-0.1222304533316243
766,NQO,314,L,1,missense,22,0.05158981084279405
767,NQO,314,M,1,missense,2,-0.134243997006077
768,NQO,314,N,1,missense,5,-0.166457936164731
769,NQO,314,P,1,missense,11,-0.0765706075128636
770,NQO,314,Q,1,missense,10,-0.3729054890814443
771,NQO,314,R,1,missense,26,-0.1302737083877254
772,NQO,314,S,1,missense,21,-0.2459046507339904
773,NQO,314,T,1,missense,13,-0.2849406589997
774,NQO,314,W,1,missense,17,-0.1263487784901672
775,NQO,314,Y,1,missense,8,0.00565801231938515
776,NQO,315,*,1,nonsense,16,-0.08090416993118375
777,NQO,315,A,1,missense,17,-0.234963475129821
778,NQO,315,D,1,missense,7,-0.1222304533316243
779,NQO,315,E,1,missense,12,-0.013349218803379349
780,NQO,315,F,1,missense,17,-0.3014856224235742
781,NQO,315,G,1,missense,26,-0.3290901504576763
782,NQO,315,H,1,missense,9,-0.2088304056425768
783,NQO,315,I,1,missense,12,0.0388491499244741
784,NQO,315,K,1,missense,5,-0.0160079724234027
785,NQO,315,L,1,missense,20,0.0169127101540308
786,NQO,315,M,1,missense,12,0.0469573976633446
787,NQO,315,N,1,missense,8,-0.2715827785816543
788,NQO,315,P,1,missense,10,-0.0708795652536046
789,NQO,315,Q,1,missense,5,-0.003075710911662
790,NQO,315,R,1,missense,21,-0.0494715560273858
791,NQO,315,S,1,missense,20,-0.2526754942297811
792,NQO,315,T,1,missense,18,-0.15042089008756782
793,NQO,315,V,1,missense,17,0.0281471197565571
794,NQO,315,W,1,missense,14,0.11996429936287945
795,NQO,315,Y,1,missense,8,-0.3347386285475147
796,NQO,316,*,1,nonsense,5,-0.0751637166002813
797,NQO,316,A,1,missense,11,0.0100293447980888
798,NQO,316,C,1,missense,12,-0.0309104942541718
799,NQO,316,D,1,missense,7,-0.0457198942819922
800,NQO,316,E,1,missense,7,-0.0512467490227099
801,NQO,316,G,1,missense,15,-0.1353163650763603
802,NQO,316,H,1,missense,5,-0.1180443299790131
803,NQO,316,I,1,missense,5,0.0315695578842298
804,NQO,316,K,1,missense,8,0.020668931868173
805,NQO,316,L,1,missense,15,0.0884355144515199
806,NQO,316,M,1,missense,12,0.0417307926532799
807,NQO,316,N,1,missense,5,-0.0523531446447852
808,NQO,316,P,1,missense,10,-0.021158693087406998
809,NQO,316,Q,1,missense,7,-0.0615029564950112
810,NQO,316,R,1,missense,24,-0.06596597637924775
811,NQO,316,S,1,missense,17,-0.1344217488472328
812,NQO,316,T,1,missense,12,-0.1646065544992617
813,NQO,316,V,1,missense,25,0.0701819932741679
814,NQO,316,W,1,missense,9,-0.0504375380256195
815,NQO,316,Y,1,missense,4,-0.08129857987668346
816,NQO,317,*,1,nonsense,13,-0.1327453779951955
817,NQO,317,A,1,missense,15,-0.1025034059998436
818,NQO,317,C,1,missense,7,-0.2300492359177614
819,NQO,317,D,1,missense,7,0.0959883535024481
820,NQO,317,E,1,missense,10,0.08048216108132095
821,NQO,317,F,1,missense,16,-0.03724043883794735
822,NQO,317,G,1,missense,22,-0.3575092961654194
823,NQO,317,I,1,missense,13,-0.0887333073664312
824,NQO,317,K,1,missense,7,-0.0842934614316128
825,NQO,317,L,1,missense,31,-0.1600598416850158
826,NQO,317,M,1,missense,12,-0.112468066834327
827,NQO,317,N,1,missense,7,-0.3860095643028231
828,NQO,317,P,1,missense,7,-0.2775686548460029
829,NQO,317,Q,1,missense,3,-0.1234036717302872
830,NQO,317,R,1,missense,25,-0.296964570976496
831,NQO,317,S,1,missense,15,-0.2287980908884419
832,NQO,317,T,1,missense,9,-0.2594337375262269
833,NQO,317,V,1,missense,32,-0.19379085974494736
834,NQO,317,W,1,missense,11,0.0047563461213986
835,NQO,317,Y,1,missense,9,-0.0676278367624769
836,NQO,318,*,1,nonsense,13,-0.0814910485277813
837,NQO,318,A,1,missense,15,-0.0868005410345115
838,NQO,318,C,1,missense,7,-0.1306187768612089
839,NQO,318,D,1,missense,11,-0.2822912271275186
840,NQO,318,E,1,missense,8,-0.2940262294166689
841,NQO,318,F,1,missense,15,-0.052918500088275
842,NQO,318,G,1,missense,19,-0.3295684475253156
843,NQO,318,I,1,missense,14,-0.04105072934029565
844,NQO,318,K,1,missense,9,-0.3121688144776428
845,NQO,318,L,1,missense,27,-0.0061403043657694
846,NQO,318,M,1,missense,10,-0.02318665323432265
847,NQO,318,N,1,missense,11,-0.2685007511418361
848,NQO,318,P,1,missense,10,-0.23222605717697342
849,NQO,318,Q,1,missense,3,-0.2672910001749877
850,NQO,318,R,1,missense,35,-0.2854551643475936
851,NQO,318,S,1,missense,33,-0.228798090888442
852,NQO,318,T,1,missense,15,-0.234963475129821
853,NQO,318,V,1,missense,19,-0.227686418826272
854,NQO,318,W,1,missense,8,0.0228626890480008
855,NQO,318,Y,1,missense,18,-0.08623531539488699
856,NQO,319,*,1,nonsense,7,-0.2088304056425768
857,NQO,319,A,1,missense,18,-0.30502802819552854
858,NQO,319,C,1,missense,14,-0.30270624270571733
859,NQO,319,D,1,missense,8,-0.256128348156637
860,NQO,319,E,1,missense,12,-0.29903459933357585
861,NQO,319,F,1,missense,18,-0.09136060062355936
862,NQO,319,G,1,missense,22,-0.3644858802323132
863,NQO,319,H,1,missense,10,-0.1973854265285361
864,NQO,319,K,1,missense,9,-0.3370498989514129
865,NQO,319,L,1,missense,21,-0.0047216401706372
866,NQO,319,M,1,missense,12,-0.0484358099990004
867,NQO,319,N,1,missense,9,-0.3071266768196767
868,NQO,319,P,1,missense,14,-0.3098324853316743
869,NQO,319,Q,1,missense,4,-0.30803401074179737
870,NQO,319,R,1,missense,26,-0.30541420057646196
871,NQO,319,S,1,missense,19,-0.3601320025986973
872,NQO,319,T,1,missense,10,-0.30661655677856037
873,NQO,319,V,1,missense,14,-0.1921108070889085
874,NQO,319,W,1,missense,17,-0.1112892777274549
875,NQO,319,Y,1,missense,16,-0.0573599912177366
876,NQO,320,*,1,nonsense,3,-0.1112892777274549
877,NQO,320,A,1,missense,15,-0.1743144005830339
878,NQO,320,C,1,missense,11,-0.0621879246268793
879,NQO,320,D,1,missense,5,-0.2284673017454274
880,NQO,320,E,1,missense,9,-0.1630988620506993
881,NQO,320,F,1,missense,15,-0.0539331130425468
882,NQO,320,G,1,missense,28,-0.1709600649894391
883,NQO,320,H,1,missense,5,-0.2775686548460029
884,NQO,320,I,1,missense,7,-0.2088304056425768
885,NQO,320,K,1,missense,9,-0.0686840980112729
886,NQO,320,L,1,missense,22,-0.05430925667110405
887,NQO,320,M,1,missense,8,-0.03807057103034735
888,NQO,320,P,1,missense,5,-0.267878624271153
889,NQO,320,Q,1,missense,6,-0.1894821315384076
890,NQO,320,R,1,missense,20,-0.14712222664838034
891,NQO,320,S,1,missense,21,-0.1991403750677269
892,NQO,320,T,1,missense,10,-0.19202690656636617
893,NQO,320,V,1,missense,17,-0.034279662144311
894,NQO,320,W,1,missense,7,-0.0637698587992133
895,NQO,320,Y,1,missense,9,-0.0960973838443801
896,NQO,321,*,1,nonsense,7,-0.0425510285240288
897,NQO,321,A,1,missense,10,-0.1312842413695966
898,NQO,321,C,1,missense,10,-0.18178689257529912
899,NQO,321,D,1,missense,2,-0.19813038152681728
900,NQO,321,E,1,missense,4,0.02576793858294435
901,NQO,321,F,1,missense,9,-0.3209568815987313
902,NQO,321,G,1,missense,16,-0.26348444029846035
903,NQO,321,H,1,missense,4,-0.0869213841120095
904,NQO,321,I,1,missense,9,-0.2088304056425768
905,NQO,321,K,1,missense,6,-0.4212105374942342
906,NQO,321,L,1,missense,17,-0.0748494822526519
907,NQO,321,M,1,missense,9,-0.0682431890969242
908,NQO,321,N,1,missense,4,-0.06380810713753435
909,NQO,321,P,1,missense,8,-0.3806760286511421
910,NQO,321,R,1,missense,18,-0.3295382660434214
911,NQO,321,S,1,missense,16,-0.15131346178404742
912,NQO,321,T,1,missense,8,-0.296294024513048
913,NQO,321,V,1,missense,23,-0.2935361552081383
914,NQO,321,W,1,missense,10,-0.15589751968569698
915,NQO,321,Y,1,missense,14,-0.2634491290332115
916,NQO,322,*,1,nonsense,2,-0.17684917672225894
917,NQO,322,A,1,missense,9,-0.0322733738530136
918,NQO,322,C,1,missense,10,-0.03965238806405675
919,NQO,322,D,1,missense,5,-0.2051844719621274
920,NQO,322,E,1,missense,4,-0.18713629226621256
921,NQO,322,F,1,missense,9,-0.1358000440977742
922,NQO,322,H,1,missense,3,-0.1640489523693094
923,NQO,322,I,1,missense,2,-0.0823907409278265
924,NQO,322,K,1,missense,2,-0.2164263525841142
925,NQO,322,L,1,missense,13,-0.1086839450601669
926,NQO,322,M,1,missense,2,-0.010418569071171151
927,NQO,322,N,1,missense,5,-0.0116421676739942
928,NQO,322,P,1,missense,3,-0.39507746800699
929,NQO,322,Q,1,missense,3,-0.054522781052726
930,NQO,322,R,1,missense,16,-0.1722512756472223
931,NQO,322,S,1,missense,13,-0.0810439378105745
932,NQO,322,T,1,missense,4,-0.0641199487481851
933,NQO,322,V,1,missense,19,-0.18619291117226
934,NQO,322,W,1,missense,5,-0.0596897907406509
935,NQO,322,Y,1,missense,7,-0.0641388021048029
936,NQO,323,*,1,nonsense,1,-0.0670617948943481
937,NQO,323,A,1,missense,3,0.1404040977452497
938,NQO,323,D,1,missense,3,-0.2051043351693291
939,NQO,323,E,1,missense,1,0.3397452123255541
940,NQO,323,F,1,missense,6,-0.3510355642176859
941,NQO,323,G,1,missense,6,-0.3368261174490243
942,NQO,323,H,1,missense,3,-0.1600598416850158
943,NQO,323,I,1,missense,9,-0.0784723097332512
944,NQO,323,L,1,missense,4,-0.32309940950905974
945,NQO,323,M,1,missense,1,-0.1291509808349813
946,NQO,323,N,1,missense,5,-0.3641686071569555
947,NQO,323,P,1,missense,2,-0.4516858184167953
948,NQO,323,Q,1,missense,2,-0.35220863429596
949,NQO,323,R,1,missense,9,-0.0651885229943455
950,NQO,323,S,1,missense,9,-0.1662252259263949
951,NQO,323,T,1,missense,2,-0.4753956809573955
952,NQO,323,V,1,missense,7,-0.0093037942970606
953,NQO,323,W,1,missense,2,-0.22618974074987241
954,NQO,323,Y,1,missense,7,-0.2775686548460029
955,NQO,324,*,1,nonsense,3,-0.1348024835613086
956,NQO,324,A,1,missense,7,-0.0387412191594721
957,NQO,324,C,1,missense,8,-0.1947518074403074
958,NQO,324,D,1,missense,3,-0.0913215924815897
959,NQO,324,E,1,missense,5,0.0179158542996795
960,NQO,324,F,1,missense,8,-0.12208316451784196
961,NQO,324,G,1,missense,15,-0.267878624271153
962,NQO,324,I,1,missense,4,0.1304434074940194
963,NQO,324,K,1,missense,6,-0.1075620998631992
964,NQO,324,L,1,missense,12,0.005569878619519049
965,NQO,324,M,1,missense,4,0.012740377797191147
966,NQO,324,N,1,missense,5,0.028293202817736
967,NQO,324,P,1,missense,4,-0.3801201926200571
968,NQO,324,Q,1,missense,1,0.0533932645205931
969,NQO,324,R,1,missense,11,0.0479916452570796
970,NQO,324,S,1,missense,3,-0.1441773994662572
971,NQO,324,T,1,missense,2,-0.20797849202946786
972,NQO,324,W,1,missense,9,-0.1926725297612684
973,NQO,324,Y,1,missense,3,-0.1896178636586897
974,NQO,325,*,1,nonsense,6,-0.14874109444985745
975,NQO,325,A,1,missense,14,0.0313260480149049
976,NQO,325,C,1,missense,8,-0.09014287483570416
977,NQO,325,D,1,missense,3,-0.3143674662748666
978,NQO,325,E,1,missense,9,-0.1089181987688614
979,NQO,325,F,1,missense,10,-0.17045218963355163
980,NQO,325,G,1,missense,17,-0.292319639814729
981,NQO,325,H,1,missense,9,-0.0713539072357246
982,NQO,325,I,1,missense,10,-0.26636515533900473
983,NQO,325,K,1,missense,4,0.03981693452085675
984,NQO,325,L,1,missense,17,-0.0913215924815897
985,NQO,325,M,1,missense,13,0.0144170488902748
986,NQO,325,N,1,missense,1,-0.3781103811285911
987,NQO,325,P,1,missense,3,-0.2815577655302964
988,NQO,325,Q,1,missense,5,0.0594782666088984
989,NQO,325,R,1,missense,8,-0.03513600948683755
990,NQO,325,T,1,missense,9,-0.18619291117226
991,NQO,325,V,1,missense,23,-0.1462897430516035
992,NQO,325,W,1,missense,10,-0.2602425282370769
993,NQO,325,Y,1,missense,9,-0.2417455547839088
994,POSA,301,*,1,nonsense,4,-0.13103973674143934
995,POSA,301,C,1,missense,8,0.35845008981604154
996,POSA,301,D,1,missense,5,0.422313907340095
997,POSA,301,E,1,missense,7,0.518460813149224
998,POSA,301,F,1,missense,7,-0.2655583132957329
999,POSA,301,G,1,missense,15,0.4981946108920758
1000,POSA,301,H,1,missense,3,0.150339891932545
1001,POSA,301,I,1,missense,9,0.2479641397148
1002,POSA,301,K,1,missense,5,0.5496084871724028
1003,POSA,301,L,1,missense,21,0.4783132925703468
1004,POSA,301,M,1,missense,7,0.0133096443593644
1005,POSA,301,N,1,missense,3,0.5277637871227858
1006,POSA,301,P,1,missense,4,0.3312764957278769
1007,POSA,301,Q,1,missense,1,-0.1268276010751305
1008,POSA,301,R,1,missense,18,0.5121768073607986
1009,POSA,301,S,1,missense,13,0.521122850670785
1010,POSA,301,T,1,missense,3,0.527479090041048
1011,POSA,301,V,1,missense,16,0.3704475893240021
1012,POSA,301,W,1,missense,6,-0.26478684797818564
1013,POSA,301,Y,1,missense,9,0.553017491736687
1014,POSA,302,*,1,nonsense,9,-0.1724909969603956
1015,POSA,302,A,1,missense,12,0.41585598331802004
1016,POSA,302,C,1,missense,2,0.3670677514048006
1017,POSA,302,D,1,missense,4,0.1625979586724709
1018,POSA,302,E,1,missense,4,0.16007361180928176
1019,POSA,302,F,1,missense,13,0.3972354268166199
1020,POSA,302,G,1,missense,8,0.30678152905969613
1021,POSA,302,H,1,missense,6,0.4511878037290942
1022,POSA,302,I,1,missense,8,0.4739724005102459
1023,POSA,302,L,1,missense,30,0.5004111727168123
1024,POSA,302,M,1,missense,10,0.4360683250641463
1025,POSA,302,N,1,missense,7,0.325678982599086
1026,POSA,302,P,1,missense,4,0.16742832253936507
1027,POSA,302,Q,1,missense,3,0.3954954444571318
1028,POSA,302,R,1,missense,17,0.5097887197538526
1029,POSA,302,S,1,missense,19,0.3874494499987172
1030,POSA,302,T,1,missense,7,0.4539389478329828
1031,POSA,302,V,1,missense,18,0.4838745053442839
1032,POSA,302,W,1,missense,4,0.32150671134154124
1033,POSA,302,Y,1,missense,6,0.29013289665143593
1034,POSA,303,*,1,nonsense,4,-0.15540130204661984
1035,POSA,303,A,1,missense,8,-0.3268277845369081
1036,POSA,303,C,1,missense,11,0.5199993635088167
1037,POSA,303,D,1,missense,10,0.2937898888689
1038,POSA,303,F,1,missense,15,0.452647152891088
1039,POSA,303,G,1,missense,21,0.5145079229689161
1040,POSA,303,H,1,missense,4,0.3904804525910088
1041,POSA,303,I,1,missense,11,0.1712353613553141
1042,POSA,303,K,1,missense,3,0.4457052790641439
1043,POSA,303,L,1,missense,17,0.4700292687303861
1044,POSA,303,M,1,missense,5,0.5002529065713094
1045,POSA,303,N,1,missense,7,0.2547278395933561
1046,POSA,303,P,1,missense,5,0.5290864261537807
1047,POSA,303,Q,1,missense,7,0.5124713467887089
1048,POSA,303,R,1,missense,15,0.4991475318054831
1049,POSA,303,S,1,missense,16,0.47793240057425507
1050,POSA,303,T,1,missense,7,0.5311114960083272
1051,POSA,303,V,1,missense,20,-0.0148280612069311
1052,POSA,303,W,1,missense,7,0.3689795450107124
1053,POSA,303,Y,1,missense,5,0.4702722416191016
1054,POSA,304,*,1,nonsense,5,-0.2271201379766963
1055,POSA,304,A,1,missense,9,0.3472296435749247
1056,POSA,304,C,1,missense,12,0.384087055946266
1057,POSA,304,D,1,missense,7,0.2014553801146139
1058,POSA,304,E,1,missense,6,0.19037214941090602
1059,POSA,304,F,1,missense,13,0.3082656089284946
1060,POSA,304,G,1,missense,27,0.3245692776587123
1061,POSA,304,H,1,missense,8,0.36357655625655116
1062,POSA,304,I,1,missense,13,0.4825906302611676
1063,POSA,304,K,1,missense,6,0.31703154098091235
1064,POSA,304,L,1,missense,14,0.4930639528827999
1065,POSA,304,M,1,missense,3,0.4448538913571797
1066,POSA,304,N,1,missense,5,0.495152415847258
1067,POSA,304,P,1,missense,8,0.27647978083767805
1068,POSA,304,Q,1,missense,7,0.3366220049127328
1069,POSA,304,R,1,missense,13,0.3238595073240051
1070,POSA,304,S,1,missense,27,0.4991475318054831
1071,POSA,304,V,1,missense,28,0.4636223882354872
1072,POSA,304,W,1,missense,11,0.2444840929856576
1073,POSA,304,Y,1,missense,11,0.3385669235727293
1074,POSA,305,*,1,nonsense,12,-0.2082883657837909
1075,POSA,305,A,1,missense,8,0.4354127054289157
1076,POSA,305,C,1,missense,15,0.5316811300635724
1077,POSA,305,D,1,missense,4,0.05065768269727995
1078,POSA,305,E,1,missense,1,-0.0920315862685796
1079,POSA,305,F,1,missense,14,0.5178033520690056
1080,POSA,305,G,1,missense,13,0.2063657359141962
1081,POSA,305,H,1,missense,3,0.2079730720269289
1082,POSA,305,K,1,missense,1,0.0598184039595506
1083,POSA,305,L,1,missense,17,0.1903309596204161
1084,POSA,305,M,1,missense,10,0.03097283567248045
1085,POSA,305,N,1,missense,7,0.1840420064440226
1086,POSA,305,P,1,missense,3,-0.0423909081680531
1087,POSA,305,Q,1,missense,5,0.0961141494866699
1088,POSA,305,R,1,missense,10,0.11344184822597514
1089,POSA,305,S,1,missense,18,0.12537926311513903
1090,POSA,305,T,1,missense,6,0.3456531258799198
1091,POSA,305,V,1,missense,22,0.5336584412003913
1092,POSA,305,W,1,missense,5,0.1927860223311527
1093,POSA,305,Y,1,missense,6,0.1984929851266483
1094,POSA,306,*,1,nonsense,7,-0.2162551887530516
1095,POSA,306,A,1,missense,12,0.20072085634642414
1096,POSA,306,C,1,missense,12,0.2601330968561203
1097,POSA,306,D,1,missense,4,0.1549517385054325
1098,POSA,306,E,1,missense,3,0.1431342269094934
1099,POSA,306,F,1,missense,12,0.5302168720428008
1100,POSA,306,G,1,missense,12,0.18219434536364665
1101,POSA,306,H,1,missense,3,0.1287892309567063
1102,POSA,306,I,1,missense,10,0.3399567705777986
1103,POSA,306,K,1,missense,4,0.28122681927484056
1104,POSA,306,L,1,missense,16,0.27009984668178777
1105,POSA,306,M,1,missense,7,0.2426139879269881
1106,POSA,306,N,1,missense,4,0.1400780779653462
1107,POSA,306,P,1,missense,5,0.1145479184174364
1108,POSA,306,R,1,missense,20,0.17456349146392408
1109,POSA,306,S,1,missense,21,0.1840420064440226
1110,POSA,306,T,1,missense,7,0.1564156187003644
1111,POSA,306,V,1,missense,16,0.30502013835673886
1112,POSA,306,W,1,missense,7,0.4810090195563585
1113,POSA,307,*,1,nonsense,7,-0.1991740056785255
1114,POSA,307,A,1,missense,7,0.4172275036135215
1115,POSA,307,C,1,missense,12,-0.1118922692403643
1116,POSA,307,D,1,missense,3,0.21853656318914
1117,POSA,307,E,1,missense,7,0.0721830839037635
1118,POSA,307,F,1,missense,18,0.4912044135779384
1119,POSA,307,G,1,missense,24,0.18957490512511715
1120,POSA,307,H,1,missense,4,0.13138675739736644
1121,POSA,307,K,1,missense,6,0.18529919852089366
1122,POSA,307,L,1,missense,24,0.4869141360042756
1123,POSA,307,M,1,missense,5,0.5713999899546833
1124,POSA,307,N,1,missense,2,0.1815023852639448
1125,POSA,307,P,1,missense,6,0.14265426653529395
1126,POSA,307,Q,1,missense,5,0.1604431314571815
1127,POSA,307,R,1,missense,15,0.1713590017708876
1128,POSA,307,S,1,missense,20,0.3366686360488578
1129,POSA,307,T,1,missense,9,0.4010896995645236
1130,POSA,307,V,1,missense,15,0.4385720498164794
1131,POSA,307,W,1,missense,7,0.2673578293939654
1132,POSA,307,Y,1,missense,7,0.4425995625732964
1133,POSA,308,*,1,nonsense,14,-0.1817697752544737
1134,POSA,308,A,1,missense,18,0.31303232162497563
1135,POSA,308,C,1,missense,9,0.4229594019544806
1136,POSA,308,D,1,missense,5,0.4108706524346998
1137,POSA,308,E,1,missense,7,0.5516412594305146
1138,POSA,308,F,1,missense,6,0.14923205727712274
1139,POSA,308,G,1,missense,14,0.3457565457945979
1140,POSA,308,H,1,missense,6,0.47324620415262275
1141,POSA,308,I,1,missense,13,0.2079730720269289
1142,POSA,308,K,1,missense,6,0.538248826717925
1143,POSA,308,L,1,missense,22,0.49146653644507915
1144,POSA,308,N,1,missense,9,0.3582157261423264
1145,POSA,308,P,1,missense,11,0.2028079659708544
1146,POSA,308,Q,1,missense,4,0.4876319390286763
1147,POSA,308,R,1,missense,24,0.48017129226437644
1148,POSA,308,S,1,missense,24,0.3569633634516614
1149,POSA,308,T,1,missense,9,0.3287166277822585
1150,POSA,308,V,1,missense,14,0.30917534656603507
1151,POSA,308,W,1,missense,6,0.044157549007345545
1152,POSA,308,Y,1,missense,8,0.26054090140588526
1153,POSA,309,*,1,nonsense,12,-0.19980556746854589
1154,POSA,309,A,1,missense,11,0.2079730720269289
1155,POSA,309,C,1,missense,12,0.29201945870382845
1156,POSA,309,D,1,missense,4,-0.0224240407765011
1157,POSA,309,E,1,missense,2,0.3261891802291736
1158,POSA,309,F,1,missense,13,0.5422788986794855
1159,POSA,309,G,1,missense,16,0.1387887264021911
1160,POSA,309,H,1,missense,7,0.2105008540631776
1161,POSA,309,I,1,missense,12,0.5212463856411134
1162,POSA,309,K,1,missense,5,0.1840420064440226
1163,POSA,309,M,1,missense,3,0.4343086866880475
1164,POSA,309,N,1,missense,7,0.0980944654952439
1165,POSA,309,P,1,missense,8,0.16126049522218266
1166,POSA,309,Q,1,missense,8,0.040732607753155445
1167,POSA,309,R,1,missense,12,0.18422886261769805
1168,POSA,309,S,1,missense,17,0.1448492330616711
1169,POSA,309,T,1,missense,6,0.24586174470813904
1170,POSA,309,V,1,missense,21,0.3945403869285058
1171,POSA,309,W,1,missense,8,0.3569573391558756
1172,POSA,309,Y,1,missense,10,0.27650026509599857
1173,POSA,310,*,1,nonsense,12,-0.1882487942290858
1174,POSA,310,A,1,missense,17,0.5416998455900617
1175,POSA,310,C,1,missense,8,0.43449119501424704
1176,POSA,310,D,1,missense,3,0.1672805679240091
1177,POSA,310,E,1,missense,5,0.123740537230328
1178,POSA,310,F,1,missense,14,0.43762874335998203
1179,POSA,310,G,1,missense,26,0.40500311155404173
1180,POSA,310,H,1,missense,6,0.44279959570053085
1181,POSA,310,I,1,missense,6,0.3984815487855423
1182,POSA,310,K,1,missense,5,0.5330741085347774
1183,POSA,310,L,1,missense,17,0.4637362632137076
1184,POSA,310,M,1,missense,4,0.5221403200703465
1185,POSA,310,N,1,missense,5,0.3206302888727076
1186,POSA,310,P,1,missense,8,0.31894179015679264
1187,POSA,310,Q,1,missense,5,0.4378248816222272
1188,POSA,310,S,1,missense,22,0.5249154613531779
1189,POSA,310,T,1,missense,5,0.5339483384403593
1190,POSA,310,V,1,missense,26,-0.2801721120823971
1191,POSA,310,W,1,missense,14,0.4036286596120575
1192,POSA,310,Y,1,missense,8,0.274705299334773
1193,POSA,311,*,1,nonsense,11,-0.1289237276048692
1194,POSA,311,A,1,missense,7,-0.3032663338637463
1195,POSA,311,C,1,missense,12,-0.31691272977490725
1196,POSA,311,D,1,missense,4,0.2786532479910421
1197,POSA,311,E,1,missense,6,0.28318564179801603
1198,POSA,311,G,1,missense,29,-0.2751286282974507
1199,POSA,311,H,1,missense,1,0.4918739687800032
1200,POSA,311,I,1,missense,10,-0.22506552902689494
1201,POSA,311,K,1,missense,6,0.23953922754865334
1202,POSA,311,L,1,missense,24,0.25883555027831473
1203,POSA,311,M,1,missense,5,-0.0625857232498405
1204,POSA,311,N,1,missense,7,0.4957312043028558
1205,POSA,311,P,1,missense,6,0.4299769670488996
1206,POSA,311,Q,1,missense,7,0.4967922518946489
1207,POSA,311,R,1,missense,13,0.2401139749337821
1208,POSA,311,S,1,missense,24,0.1266572521047358
1209,POSA,311,T,1,missense,7,-0.1945052873172639
1210,POSA,311,V,1,missense,22,-0.3009387124091709
1211,POSA,311,W,1,missense,7,0.506265065511248
1212,POSA,311,Y,1,missense,5,0.154413175798094
1213,POSA,312,*,1,nonsense,7,-0.1270670356802379
1214,POSA,312,A,1,missense,9,0.5181477706674209
1215,POSA,312,C,1,missense,6,0.46897332485244264
1216,POSA,312,D,1,missense,13,0.4964113446837441
1217,POSA,312,E,1,missense,9,-0.0297714442774543
1218,POSA,312,G,1,missense,22,-0.0451441637739542
1219,POSA,312,H,1,missense,3,-0.2105652894222286
1220,POSA,312,I,1,missense,7,0.4644628564679545
1221,POSA,312,K,1,missense,2,-0.1114878503547635
1222,POSA,312,L,1,missense,15,0.0252982134094696
1223,POSA,312,M,1,missense,4,0.5417505759149333
1224,POSA,312,N,1,missense,3,-0.2597952194467328
1225,POSA,312,P,1,missense,5,0.6071027270995001
1226,POSA,312,Q,1,missense,2,0.2059126719700778
1227,POSA,312,R,1,missense,21,-0.3165477256546173
1228,POSA,312,S,1,missense,20,-0.20188714241103575
1229,POSA,312,T,1,missense,4,0.38497733440139736
1230,POSA,312,V,1,missense,17,0.4491725768429779
1231,POSA,312,W,1,missense,3,-0.4274899363482183
1232,POSA,312,Y,1,missense,9,-0.2709847032109375
1233,POSA,313,*,1,nonsense,13,-0.1453723058034757
1234,POSA,313,A,1,missense,12,-0.23625072259698715
1235,POSA,313,C,1,missense,19,-0.3004877235496526
1236,POSA,313,E,1,missense,19,-0.1749414820341856
1237,POSA,313,F,1,missense,21,-0.2542438135386523
1238,POSA,313,G,1,missense,28,0.2633936360764691
1239,POSA,313,H,1,missense,5,-0.3459935886733563
1240,POSA,313,I,1,missense,11,-0.2029737969621805
1241,POSA,313,K,1,missense,13,-0.1621374522370106
1242,POSA,313,L,1,missense,55,-0.2323151908580164
1243,POSA,313,M,1,missense,19,-0.267812642079616
1244,POSA,313,N,1,missense,14,-0.17748514751055125
1245,POSA,313,P,1,missense,14,0.33102866044328283
1246,POSA,313,Q,1,missense,9,-0.2828456111431398
1247,POSA,313,R,1,missense,30,0.5008804519509422
1248,POSA,313,S,1,missense,41,-0.2952998323209245
1249,POSA,313,T,1,missense,22,-0.30449794907044936
1250,POSA,313,V,1,missense,32,-0.290768998991335
1251,POSA,313,W,1,missense,17,-0.1871290702888252
1252,POSA,313,Y,1,missense,14,-0.27795004049502886
1253,POSA,314,*,1,nonsense,12,-0.11639912805608019
1254,POSA,314,A,1,missense,14,-0.2933364371694363
1255,POSA,314,C,1,missense,10,-0.2353805037533674
1256,POSA,314,D,1,missense,11,-0.2687064931857284
1257,POSA,314,E,1,missense,11,-0.2594754748922201
1258,POSA,314,F,1,missense,13,-0.0017233247041592
1259,POSA,314,G,1,missense,17,-0.267812642079616
1260,POSA,314,H,1,missense,10,0.2102175421111615
1261,POSA,314,I,1,missense,13,0.0321920162158924
1262,POSA,314,K,1,missense,11,-0.2366759114736581
1263,POSA,314,L,1,missense,22,0.514951415344677
1264,POSA,314,M,1,missense,2,-0.22569637468131556
1265,POSA,314,N,1,missense,5,-0.1790427313792742
1266,POSA,314,P,1,missense,11,0.40803488480063
1267,POSA,314,Q,1,missense,10,-0.2848475278719793
1268,POSA,314,R,1,missense,26,-0.2669120476886151
1269,POSA,314,S,1,missense,21,-0.2333363718275777
1270,POSA,314,T,1,missense,13,-0.3404787912375236
1271,POSA,314,W,1,missense,17,-0.1611487724206771
1272,POSA,314,Y,1,missense,8,0.4650999780759282
1273,POSA,315,*,1,nonsense,16,-0.1600911504179852
1274,POSA,315,A,1,missense,17,-0.2655583132957329
1275,POSA,315,D,1,missense,7,0.422621575699376
1276,POSA,315,E,1,missense,12,0.3330298241731171
1277,POSA,315,F,1,missense,17,-0.2807737178329995
1278,POSA,315,G,1,missense,26,-0.2744084653996386
1279,POSA,315,H,1,missense,9,-0.3080925362204367
1280,POSA,315,I,1,missense,12,0.399068962549737
1281,POSA,315,K,1,missense,5,-0.2786775913032607
1282,POSA,315,L,1,missense,20,0.5211422693638394
1283,POSA,315,M,1,missense,12,-0.13078993439609324
1284,POSA,315,N,1,missense,8,-0.21635726780828984
1285,POSA,315,P,1,missense,10,0.5161098692979036
1286,POSA,315,Q,1,missense,5,-0.2606715868422546
1287,POSA,315,R,1,missense,21,-0.1390516636914032
1288,POSA,315,S,1,missense,20,-0.2708093156730359
1289,POSA,315,T,1,missense,18,-0.3095781912703922
1290,POSA,315,V,1,missense,17,0.5278528067686938
1291,POSA,315,W,1,missense,14,0.17398915679176186
1292,POSA,315,Y,1,missense,8,-0.359912515168229
1293,POSA,316,*,1,nonsense,5,-0.3615874870688668
1294,POSA,316,A,1,missense,11,0.0110833203845493
1295,POSA,316,C,1,missense,12,-0.17960151137187555
1296,POSA,316,D,1,missense,7,0.3606213565605787
1297,POSA,316,E,1,missense,7,0.4495703944874927
1298,POSA,316,G,1,missense,15,0.2056520082673107
1299,POSA,316,H,1,missense,5,-0.1616077144775394
1300,POSA,316,I,1,missense,5,0.5233965268229577
1301,POSA,316,K,1,missense,8,0.1013016401596532
1302,POSA,316,L,1,missense,15,0.5340385330951396
1303,POSA,316,M,1,missense,12,0.4984713703696646
1304,POSA,316,N,1,missense,5,0.0396604624814291
1305,POSA,316,P,1,missense,10,0.3332633915467401
1306,POSA,316,Q,1,missense,7,0.1612378856432872
1307,POSA,316,R,1,missense,24,-0.22305765845016565
1308,POSA,316,S,1,missense,17,-0.2765566579667463
1309,POSA,316,T,1,missense,12,-0.3966413043623803
1310,POSA,316,V,1,missense,25,0.3426556965507088
1311,POSA,316,W,1,missense,9,0.3159750459635569
1312,POSA,316,Y,1,missense,4,-0.2429625080539718
1313,POSA,317,*,1,nonsense,13,-0.1843576216273234
1314,POSA,317,A,1,missense,15,-0.1646977354264872
1315,POSA,317,C,1,missense,7,-0.2112064950266732
1316,POSA,317,D,1,missense,7,0.5133153485295379
1317,POSA,317,E,1,missense,10,0.4624431251603113
1318,POSA,317,F,1,missense,16,0.1805160712062734
1319,POSA,317,G,1,missense,22,-0.2773106902868596
1320,POSA,317,I,1,missense,13,-0.2761146928222507
1321,POSA,317,K,1,missense,7,-0.2461079004715249
1322,POSA,317,L,1,missense,31,-0.262122742748793
1323,POSA,317,M,1,missense,12,-0.24389586240947547
1324,POSA,317,N,1,missense,7,-0.2632752661758752
1325,POSA,317,P,1,missense,7,-0.2867750035716007
1326,POSA,317,Q,1,missense,3,-0.3328513943848351
1327,POSA,317,R,1,missense,25,-0.3350639752688674
1328,POSA,317,S,1,missense,15,-0.3575599743120497
1329,POSA,317,T,1,missense,9,-0.3239239426830561
1330,POSA,317,V,1,missense,32,-0.26640145720383446
1331,POSA,317,W,1,missense,11,0.4482354402683628
1332,POSA,317,Y,1,missense,9,0.2936789180297486
1333,POSA,318,*,1,nonsense,13,-0.1239766594980361
1334,POSA,318,A,1,missense,15,-0.2373638845843947
1335,POSA,318,C,1,missense,7,-0.1871290702888252
1336,POSA,318,D,1,missense,11,-0.3004877235496526
1337,POSA,318,E,1,missense,8,-0.2764804279428952
1338,POSA,318,F,1,missense,15,-0.14460443480579
1339,POSA,318,G,1,missense,19,-0.2606715868422546
1340,POSA,318,I,1,missense,14,0.2802120367192744
1341,POSA,318,K,1,missense,9,-0.2006612903575412
1342,POSA,318,L,1,missense,27,0.2382743866711635
1343,POSA,318,M,1,missense,10,0.09938213868936685
1344,POSA,318,N,1,missense,11,-0.252799673772239
1345,POSA,318,P,1,missense,10,-0.31945419841728445
1346,POSA,318,Q,1,missense,3,-0.2019101928002645
1347,POSA,318,R,1,missense,35,-0.3122290401688189
1348,POSA,318,S,1,missense,33,-0.2765566579667463
1349,POSA,318,T,1,missense,15,-0.2997862871346039
1350,POSA,318,V,1,missense,19,-0.2063875530394609
1351,POSA,318,W,1,missense,8,0.3961234354997064
1352,POSA,318,Y,1,missense,18,-0.10801840879607345
1353,POSA,319,*,1,nonsense,7,-0.1422664005641492
1354,POSA,319,A,1,missense,18,-0.3439589361700506
1355,POSA,319,C,1,missense,14,-0.3421230279680324
1356,POSA,319,D,1,missense,8,-0.29812735482583097
1357,POSA,319,E,1,missense,12,-0.19901705362703245
1358,POSA,319,F,1,missense,18,-0.24799195392555967
1359,POSA,319,G,1,missense,22,-0.2234276867294451
1360,POSA,319,H,1,missense,10,-0.267812642079616
1361,POSA,319,K,1,missense,9,-0.2992835749529017
1362,POSA,319,L,1,missense,21,0.2256680117809917
1363,POSA,319,M,1,missense,12,-0.0533905949365891
1364,POSA,319,N,1,missense,9,-0.1579340355479311
1365,POSA,319,P,1,missense,14,-0.23628486562945689
1366,POSA,319,Q,1,missense,4,-0.29022951278846415
1367,POSA,319,R,1,missense,26,-0.25752379073422316
1368,POSA,319,S,1,missense,19,-0.2020724533593483
1369,POSA,319,T,1,missense,10,-0.2492145415062649
1370,POSA,319,V,1,missense,14,-0.3798704694823066
1371,POSA,319,W,1,missense,17,-0.1646977354264872
1372,POSA,319,Y,1,missense,16,0.2445048084786616
1373,POSA,320,*,1,nonsense,3,-0.09790807257645
1374,POSA,320,A,1,missense,15,-0.219668944830332
1375,POSA,320,C,1,missense,11,-0.2087971039349357
1376,POSA,320,D,1,missense,5,0.0569960342079873
1377,POSA,320,E,1,missense,9,-0.2826637574742984
1378,POSA,320,F,1,missense,15,-0.0037715387151615
1379,POSA,320,G,1,missense,28,-0.23451655579838854
1380,POSA,320,H,1,missense,5,-0.2006612903575412
1381,POSA,320,I,1,missense,7,0.1059031641087317
1382,POSA,320,K,1,missense,9,-0.1375946087122594
1383,POSA,320,L,1,missense,22,0.29134429813122487
1384,POSA,320,M,1,missense,8,0.21149924215786842
1385,POSA,320,P,1,missense,5,-0.2135465713222009
1386,POSA,320,Q,1,missense,6,-0.2027835971885129
1387,POSA,320,R,1,missense,20,-0.1587484473091079
1388,POSA,320,S,1,missense,21,-0.31824647557972
1389,POSA,320,T,1,missense,10,-0.24932941737584793
1390,POSA,320,V,1,missense,17,-0.0072104901046913
1391,POSA,320,W,1,missense,7,0.3260243609585621
1392,POSA,320,Y,1,missense,9,-0.0920315862685796
1393,POSA,321,*,1,nonsense,7,-0.1159626518514859
1394,POSA,321,A,1,missense,10,-0.2889213379109591
1395,POSA,321,C,1,missense,10,-0.26355650753842297
1396,POSA,321,D,1,missense,2,-0.2226705805798853
1397,POSA,321,E,1,missense,4,0.24241241674261305
1398,POSA,321,F,1,missense,9,-0.2594754748922201
1399,POSA,321,G,1,missense,16,-0.2714124290236853
1400,POSA,321,H,1,missense,4,-0.20456562009332135
1401,POSA,321,I,1,missense,9,-0.3004877235496526
1402,POSA,321,K,1,missense,6,-0.3165477256546173
1403,POSA,321,L,1,missense,17,-0.252799673772239
1404,POSA,321,M,1,missense,9,-0.2562462564409227
1405,POSA,321,N,1,missense,4,-0.10584478014040864
1406,POSA,321,P,1,missense,8,-0.30525887864597745
1407,POSA,321,R,1,missense,18,-0.2804429528237006
1408,POSA,321,S,1,missense,16,-0.28991149591524623
1409,POSA,321,T,1,missense,8,-0.21113331544920236
1410,POSA,321,V,1,missense,23,-0.3165477256546173
1411,POSA,321,W,1,missense,10,-0.18152095966829415
1412,POSA,321,Y,1,missense,14,-0.21165887934660585
1413,POSA,322,*,1,nonsense,2,-0.24203391541633384
1414,POSA,322,A,1,missense,9,0.3133654416979552
1415,POSA,322,C,1,missense,10,0.1210534646014433
1416,POSA,322,D,1,missense,5,-0.2271201379766963
1417,POSA,322,E,1,missense,4,-0.00736139620189525
1418,POSA,322,F,1,missense,9,-0.0577912828383401
1419,POSA,322,H,1,missense,3,-0.2480986363629628
1420,POSA,322,I,1,missense,2,0.3305784285079099
1421,POSA,322,K,1,missense,2,-0.10643237823041274
1422,POSA,322,L,1,missense,13,-0.2662053059668834
1423,POSA,322,M,1,missense,2,0.14445008590891129
1424,POSA,322,N,1,missense,5,0.1705097863753066
1425,POSA,322,P,1,missense,3,-0.3840188219312048
1426,POSA,322,Q,1,missense,3,0.4581934609688069
1427,POSA,322,R,1,missense,16,-0.1497713795672505
1428,POSA,322,S,1,missense,13,0.3434828149401107
1429,POSA,322,T,1,missense,4,-0.08504557824010675
1430,POSA,322,V,1,missense,19,-0.1563605682390912
1431,POSA,322,W,1,missense,5,0.5019261421195769
1432,POSA,322,Y,1,missense,7,-0.2470536376280312
1433,POSA,323,*,1,nonsense,1,-0.1390516636914031
1434,POSA,323,A,1,missense,3,0.4902566603398695
1435,POSA,323,D,1,missense,3,-0.2780563886873146
1436,POSA,323,E,1,missense,1,0.2530128334411784
1437,POSA,323,F,1,missense,6,-0.29402784494749257
1438,POSA,323,G,1,missense,6,-0.3089168717548947
1439,POSA,323,H,1,missense,3,-0.084404189415891
1440,POSA,323,I,1,missense,9,-0.1799594432259323
1441,POSA,323,L,1,missense,4,-0.294937582585033
1442,POSA,323,M,1,missense,1,-0.5046934614098668
1443,POSA,323,N,1,missense,5,-0.2081688498435007
1444,POSA,323,P,1,missense,2,-0.2565019153522414
1445,POSA,323,Q,1,missense,2,-0.305714657801535
1446,POSA,323,R,1,missense,9,0.5038519600966329
1447,POSA,323,S,1,missense,9,-0.2562462564409227
1448,POSA,323,T,1,missense,2,-0.2634187544173163
1449,POSA,323,V,1,missense,7,0.4987851115095459
1450,POSA,323,W,1,missense,2,-0.0954134362078576
1451,POSA,323,Y,1,missense,7,-0.3165477256546173
1452,POSA,324,*,1,nonsense,3,-0.1364479843577825
1453,POSA,324,A,1,missense,7,0.4679429031970969
1454,POSA,324,C,1,missense,8,-0.15010021805604012
1455,POSA,324,D,1,missense,3,0.3786915192255001
1456,POSA,324,E,1,missense,5,0.5154418796788391
1457,POSA,324,F,1,missense,8,-0.3207163092483153
1458,POSA,324,G,1,missense,15,-0.3004877235496526
1459,POSA,324,I,1,missense,4,-0.07092289043723644
1460,POSA,324,K,1,missense,6,0.480827813601102
1461,POSA,324,L,1,missense,12,0.16000421070528376
1462,POSA,324,M,1,missense,4,0.4525809400915092
1463,POSA,324,N,1,missense,5,0.3746597369120304
1464,POSA,324,P,1,missense,4,-0.18913899863948108
1465,POSA,324,Q,1,missense,1,0.4714532460593967
1466,POSA,324,R,1,missense,11,0.4498781802662989
1467,POSA,324,S,1,missense,3,-0.2857492767796377
1468,POSA,324,T,1,missense,2,-0.10675451777794909
1469,POSA,324,W,1,missense,9,-0.3041830457104044
1470,POSA,324,Y,1,missense,3,-0.4204609266132659
1471,POSA,325,*,1,nonsense,6,-0.11166796777748364
1472,POSA,325,A,1,missense,14,0.4997295028754816
1473,POSA,325,C,1,missense,8,-0.2409902642205436
1474,POSA,325,D,1,missense,3,-0.2562462564409227
1475,POSA,325,E,1,missense,9,-0.2094914888744956
1476,POSA,325,F,1,missense,10,-0.20061896235125914
1477,POSA,325,G,1,missense,17,-0.2430537839152177
1478,POSA,325,H,1,missense,9,-0.3032663338637463
1479,POSA,325,I,1,missense,10,-0.3312706571639868
1480,POSA,325,K,1,missense,4,0.5402283721594563
1481,POSA,325,L,1,missense,17,-0.1401089928660016
1482,POSA,325,M,1,missense,13,0.5152832966574082
1483,POSA,325,N,1,missense,1,-0.2986110909545955
1484,POSA,325,P,1,missense,3,-0.2143785561579946
1485,POSA,325,Q,1,missense,5,0.3748040919542819
1486,POSA,325,R,1,missense,8,0.47247591184789706
1487,POSA,325,T,1,missense,9,-0.2977889942136629
1488,POSA,325,V,1,missense,23,-0.2786775913032607
1489,POSA,325,W,1,missense,10,-0.3107303898028009
1490,POSA,325,Y,1,missense,9,-0.3221487057202744
