,Fragment,mut_codon,ref_codon,ref_aa,position,expected_mutations
0,F1,1,ATG,M,1,800.0
1,F1,2,CGA,R,2,800.0
2,F1,3,GGC,G,3,800.0
3,F1,4,TTG,L,4,800.0
4,F1,5,ACA,T,5,800.0
5,F1,6,CCT,P,6,800.0
6,F1,7,AAG,K,7,800.0
7,F1,8,AAC,N,8,800.0
8,F1,9,GGT,G,9,800.0
9,F1,10,GTA,V,10,800.0
10,F1,11,CAT,H,11,800.0
11,F1,12,ATT,I,12,800.0
12,F1,13,GAG,E,13,800.0
13,F1,14,ACG,T,14,800.0
14,F1,15,GGT,G,15,800.0
15,F1,16,CCG,P,16,800.0
16,F1,17,GAT,D,17,800.0
17,F1,18,ACA,T,18,800.0
18,F1,19,GAA,E,19,800.0
19,F1,20,TCG,S,20,800.0
20,F1,21,TCC,S,21,800.0
21,F1,22,GCG,A,22,800.0
22,F1,23,GAC,D,23,800.0
23,F1,24,TCC,S,24,800.0
24,F1,25,AGC,S,25,800.0
25,F2,1,AAC,N,26,800.0
26,F2,2,TTT,F,27,800.0
27,F2,3,TCT,S,28,800.0
28,F2,4,ACA,T,29,800.0
29,F2,5,GGT,G,30,800.0
30,F2,6,TTC,F,31,800.0
31,F2,7,AGC,S,32,800.0
32,F2,8,GGC,G,33,800.0
33,F2,9,AAG,K,34,800.0
34,F2,10,ATT,I,35,800.0
35,F2,11,CGT,R,36,800.0
36,F2,12,AAG,K,37,800.0
37,F2,13,CCA,P,38,800.0
38,F2,14,AGG,R,39,800.0
39,F2,15,TCG,S,40,800.0
40,F2,16,AAA,K,41,800.0
41,F2,17,GTA,V,42,800.0
42,F2,18,AGT,S,43,800.0
43,F2,19,AAA,K,44,800.0
44,F2,20,GCG,A,45,800.0
45,F2,21,TGC,C,46,800.0
46,F2,22,GAT,D,47,800.0
47,F2,23,AAC,N,48,800.0
48,F2,24,TGT,C,49,800.0
49,F2,25,AGA,R,50,800.0
50,F3,1,AAA,K,51,800.0
51,F3,2,AGA,R,52,800.0
52,F3,3,AAG,K,53,800.0
53,F3,4,ATA,I,54,800.0
54,F3,5,AAA,K,55,800.0
55,F3,6,TGT,C,56,800.0
56,F3,7,AAT,N,57,800.0
57,F3,8,GGG,G,58,800.0
58,F3,9,AAG,K,59,800.0
59,F3,10,TTT,F,60,800.0
60,F3,11,CCC,P,61,800.0
61,F3,12,TGC,C,62,800.0
62,F3,13,GCA,A,63,800.0
63,F3,14,AGC,S,64,800.0
64,F3,15,TGT,C,65,800.0
65,F3,16,GAG,E,66,800.0
66,F3,17,ATA,I,67,800.0
67,F3,18,TAT,Y,68,800.0
68,F3,19,TCA,S,69,800.0
69,F3,20,TGT,C,70,800.0
70,F3,21,GAG,E,71,800.0
71,F3,22,TGC,C,72,800.0
72,F3,23,ACG,T,73,800.0
73,F3,24,TTC,F,74,800.0
74,F3,25,AGC,S,75,800.0
75,F4,1,ACT,T,76,800.0
76,F4,2,AGA,R,77,800.0
77,F4,3,CAA,Q,78,800.0
78,F4,4,GGT,G,79,800.0
79,F4,5,GGC,G,80,800.0
80,F4,6,GCT,A,81,800.0
81,F4,7,CGA,R,82,800.0
82,F4,8,ATA,I,83,800.0
83,F4,9,AAA,K,84,800.0
84,F4,10,AAC,N,85,800.0
85,F4,11,CTT,L,86,800.0
86,F4,12,CAC,H,87,800.0
87,F4,13,AAG,K,88,800.0
88,F4,14,ACG,T,89,800.0
89,F4,15,AGT,S,90,800.0
90,F4,16,TTG,L,91,800.0
91,F4,17,GAA,E,92,800.0
92,F4,18,GGT,G,93,800.0
93,F4,19,ACA,T,94,800.0
94,F4,20,ACC,T,95,800.0
95,F4,21,GTA,V,96,800.0
96,F4,22,CAA,Q,97,800.0
97,F4,23,GTC,V,98,800.0
98,F4,24,AAA,K,99,800.0
99,F4,25,GAG,E,100,800.0
100,F5,1,GAA,E,101,800.0
101,F5,2,ACA,T,102,800.0
102,F5,3,GAT,D,103,800.0
103,F5,4,TCC,S,104,800.0
104,F5,5,AGT,S,105,800.0
105,F5,6,TCG,S,106,800.0
106,F5,7,ACT,T,107,800.0
107,F5,8,TCT,S,108,800.0
108,F5,9,TTT,F,109,800.0
109,F5,10,TCT,S,110,800.0
110,F5,11,AAT,N,111,800.0
111,F5,12,CCT,P,112,800.0
112,F5,13,CAG,Q,113,800.0
113,F5,14,CGA,R,114,800.0
114,F5,15,TGT,C,115,800.0
115,F5,16,ACA,T,116,800.0
116,F5,17,GAC,D,117,800.0
117,F5,18,GGG,G,118,800.0
118,F5,19,CCA,P,119,800.0
119,F5,20,TGC,C,120,800.0
120,F5,21,GCA,A,121,800.0
121,F5,22,GTG,V,122,800.0
122,F5,23,GAA,E,123,800.0
123,F5,24,CAA,Q,124,800.0
124,F5,25,CCA,P,125,800.0
125,F6,1,ACG,T,126,800.0
126,F6,2,AAA,K,127,800.0
127,F6,3,TTT,F,128,800.0
128,F6,4,TTT,F,129,800.0
129,F6,5,GAG,E,130,800.0
130,F6,6,AAT,N,131,800.0
131,F6,7,TTC,F,132,800.0
132,F6,8,AAG,K,133,800.0
133,F6,9,CTA,L,134,800.0
134,F6,10,GGT,G,135,800.0
135,F6,11,GGT,G,136,800.0
136,F6,12,CGT,R,137,800.0
137,F6,13,AGT,S,138,800.0
138,F6,14,AGT,S,139,800.0
139,F6,15,GGT,G,140,800.0
140,F6,16,GAT,D,141,800.0
141,F6,17,AAT,N,142,800.0
142,F6,18,AGC,S,143,800.0
143,F6,19,GGA,G,144,800.0
144,F6,20,AGT,S,145,800.0
145,F6,21,GAT,D,146,800.0
146,F6,22,GGG,G,147,800.0
147,F6,23,AAG,K,148,800.0
148,F6,24,AAT,N,149,800.0
149,F6,25,GAC,D,150,800.0
150,F7,1,GAC,D,151,800.0
151,F7,2,GAT,D,152,800.0
152,F7,3,GTG,V,153,800.0
153,F7,4,AAT,N,154,800.0
154,F7,5,AGA,R,155,800.0
155,F7,6,AAC,N,156,800.0
156,F7,7,GGT,G,157,800.0
157,F7,8,TTT,F,158,800.0
158,F7,9,TAT,Y,159,800.0
159,F7,10,GAA,E,160,800.0
160,F7,11,GAC,D,161,800.0
161,F7,12,GAT,D,162,800.0
162,F7,13,AGC,S,163,800.0
163,F7,14,GAA,E,164,800.0
164,F7,15,TCA,S,165,800.0
165,F7,16,CAG,Q,166,800.0
166,F7,17,GCA,A,167,800.0
167,F7,18,ACT,T,168,800.0
168,F7,19,TTG,L,169,800.0
169,F7,20,ACA,T,170,800.0
170,F7,21,TCT,S,171,800.0
171,F7,22,CTA,L,172,800.0
172,F7,23,CAA,Q,173,800.0
173,F7,24,ACC,T,174,800.0
174,F7,25,ACT,T,175,800.0
175,F8,1,CTG,L,176,800.0
176,F8,2,AAA,K,177,800.0
177,F8,3,AAT,N,178,800.0
178,F8,4,TTG,L,179,800.0
179,F8,5,AAG,K,180,800.0
180,F8,6,GAG,E,181,800.0
181,F8,7,ATG,M,182,800.0
182,F8,8,GCT,A,183,800.0
183,F8,9,CAT,H,184,800.0
184,F8,10,TTA,L,185,800.0
185,F8,11,GGT,G,186,800.0
186,F8,12,ACA,T,187,800.0
187,F8,13,CAT,H,188,800.0
188,F8,14,GTA,V,189,800.0
189,F8,15,ACC,T,190,800.0
190,F8,16,TCA,S,191,800.0
191,F8,17,GCC,A,192,800.0
192,F8,18,ATC,I,193,800.0
193,F8,19,GAG,E,194,800.0
194,F8,20,AGC,S,195,800.0
195,F8,21,ATT,I,196,800.0
196,F8,22,GAA,E,197,800.0
197,F8,23,CTT,L,198,800.0
198,F8,24,CAG,Q,199,800.0
199,F8,25,ATA,I,200,800.0
200,F9,1,AGT,S,201,800.0
201,F9,2,GAC,D,202,800.0
202,F9,3,TTG,L,203,800.0
203,F9,4,CTT,L,204,800.0
204,F9,5,AAG,K,205,800.0
205,F9,6,CGA,R,206,800.0
206,F9,7,TGG,W,207,800.0
207,F9,8,GAA,E,208,800.0
208,F9,9,CCC,P,209,800.0
209,F9,10,AAA,K,210,800.0
210,F9,11,GTG,V,211,800.0
211,F9,12,AGG,R,212,800.0
212,F9,13,ACC,T,213,800.0
213,F9,14,AAA,K,214,800.0
214,F9,15,GAA,E,215,800.0
215,F9,16,TTA,L,216,800.0
216,F9,17,GCA,A,217,800.0
217,F9,18,ACA,T,218,800.0
218,F9,19,ACG,T,219,800.0
219,F9,20,AAA,K,220,800.0
220,F9,21,TTT,F,221,800.0
221,F9,22,TAC,Y,222,800.0
222,F9,23,CCT,P,223,800.0
223,F9,24,AAT,N,224,800.0
224,F9,25,AAA,K,225,800.0
225,F10,1,TCA,S,226,800.0
226,F10,2,ATA,I,227,800.0
227,F10,3,GAA,E,228,800.0
228,F10,4,ACT,T,229,800.0
229,F10,5,CAA,Q,230,800.0
230,F10,6,TTG,L,231,800.0
231,F10,7,ATG,M,232,800.0
232,F10,8,AAA,K,233,800.0
233,F10,9,AAC,N,234,800.0
234,F10,10,AAA,K,235,800.0
235,F10,11,TAC,Y,236,800.0
236,F10,12,TGT,C,237,800.0
237,F10,13,GAT,D,238,800.0
238,F10,14,GTG,V,239,800.0
239,F10,15,GTA,V,240,800.0
240,F10,16,CAT,H,241,800.0
241,F10,17,TTG,L,242,800.0
242,F10,18,ACA,T,243,800.0
243,F10,19,AGA,R,244,800.0
244,F10,20,TAT,Y,245,800.0
245,F10,21,GCC,A,246,800.0
246,F10,22,GCT,A,247,800.0
247,F10,23,TGG,W,248,800.0
248,F10,24,TCA,S,249,800.0
249,F10,25,AAC,N,250,800.0
250,F11,1,AAT,N,251,800.0
251,F11,2,AAG,K,252,800.0
252,F11,3,AAG,K,253,800.0
253,F11,4,GAC,D,254,800.0
254,F11,5,CAA,Q,255,800.0
255,F11,6,GAT,D,256,800.0
256,F11,7,ACT,T,257,800.0
257,F11,8,TCT,S,258,800.0
258,F11,9,AGT,S,259,800.0
259,F11,10,CAA,Q,260,800.0
260,F11,11,CCT,P,261,800.0
261,F11,12,TTG,L,262,800.0
262,F11,13,ATC,I,263,800.0
263,F11,14,GAC,D,264,800.0
264,F11,15,GAA,E,265,800.0
265,F11,16,ATC,I,266,800.0
266,F11,17,TTT,F,267,800.0
267,F11,18,GGT,G,268,800.0
268,F11,19,TTG,L,269,800.0
269,F11,20,TAC,Y,270,800.0
270,F11,21,TCT,S,271,800.0
271,F11,22,CCT,P,272,800.0
272,F11,23,TTC,F,273,800.0
273,F11,24,CAA,Q,274,800.0
274,F11,25,TTT,F,275,800.0
275,F12,1,TTG,L,276,800.0
276,F12,2,TCA,S,277,800.0
277,F12,3,CTT,L,278,800.0
278,F12,4,CAA,Q,279,800.0
279,F12,5,GGT,G,280,800.0
280,F12,6,ATT,I,281,800.0
281,F12,7,GGT,G,282,800.0
282,F12,8,AAA,K,283,800.0
283,F12,9,TGT,C,284,800.0
284,F12,10,TTC,F,285,800.0
285,F12,11,CAA,Q,286,800.0
286,F12,12,AAT,N,287,800.0
287,F12,13,TAT,Y,288,800.0
288,F12,14,AGA,R,289,800.0
289,F12,15,TCC,S,290,800.0
290,F12,16,AAA,K,291,800.0
291,F12,17,TCC,S,292,800.0
292,F12,18,AAA,K,293,800.0
293,F12,19,TGC,C,294,800.0
294,F12,20,GAG,E,295,800.0
295,F12,21,ATT,I,296,800.0
296,F12,22,TTT,F,297,800.0
297,F12,23,CCC,P,298,800.0
298,F12,24,AGG,R,299,800.0
299,F12,25,ACC,T,300,800.0
300,F13,1,GCC,A,301,800.0
301,F13,2,AAG,K,302,800.0
302,F13,3,GAA,E,303,800.0
303,F13,4,ACC,T,304,800.0
304,F13,5,ATA,I,305,800.0
305,F13,6,TAC,Y,306,800.0
306,F13,7,ATC,I,307,800.0
307,F13,8,ATG,M,308,800.0
308,F13,9,TTA,L,309,800.0
309,F13,10,AGG,R,310,800.0
310,F13,11,TTT,F,311,800.0
311,F13,12,TTC,F,312,800.0
312,F13,13,GAC,D,313,800.0
313,F13,14,GTT,V,314,800.0
314,F13,15,TGT,C,315,800.0
315,F13,16,TTT,F,316,800.0
316,F13,17,CAT,H,317,800.0
317,F13,18,CAC,H,318,800.0
318,F13,19,ATC,I,319,800.0
319,F13,20,AAC,N,320,800.0
320,F13,21,CAA,Q,321,800.0
321,F13,22,GGC,G,322,800.0
322,F13,23,TGT,C,323,800.0
323,F13,24,GTC,V,324,800.0
324,F13,25,TCC,S,325,800.0
325,F14,1,ATA,I,326,800.0
326,F14,2,GCT,A,327,800.0
327,F14,3,AAT,N,328,800.0
328,F14,4,CCC,P,329,800.0
329,F14,5,CTG,L,330,800.0
330,F14,6,GAA,E,331,800.0
331,F14,7,AAC,N,332,800.0
332,F14,8,TAC,Y,333,800.0
333,F14,9,CTA,L,334,800.0
334,F14,10,CAG,Q,335,800.0
335,F14,11,AAA,K,336,800.0
336,F14,12,ATG,M,337,800.0
337,F14,13,AAT,N,338,800.0
338,F14,14,CTT,L,339,800.0
339,F14,15,TTA,L,340,800.0
340,F14,16,CCT,P,341,800.0
341,F14,17,TCA,S,342,800.0
342,F14,18,ACC,T,343,800.0
343,F14,19,CCA,P,344,800.0
344,F14,20,TCT,S,345,800.0
345,F14,21,TCG,S,346,800.0
346,F14,22,ATA,I,347,800.0
347,F14,23,TCA,S,348,800.0
348,F14,24,TCT,S,349,800.0
349,F14,25,GCA,A,350,800.0
350,F15,1,GGG,G,351,800.0
351,F15,2,AGC,S,352,800.0
352,F15,3,CCG,P,353,800.0
353,F15,4,AAT,N,354,800.0
354,F15,5,ACA,T,355,800.0
355,F15,6,GCA,A,356,800.0
356,F15,7,CAC,H,357,800.0
357,F15,8,ACA,T,358,800.0
358,F15,9,AAA,K,359,800.0
359,F15,10,TCG,S,360,800.0
360,F15,11,CAT,H,361,800.0
361,F15,12,GTT,V,362,800.0
362,F15,13,GCG,A,363,800.0
363,F15,14,TTA,L,364,800.0
364,F15,15,GTG,V,365,800.0
365,F15,16,ATA,I,366,800.0
366,F15,17,AAT,N,367,800.0
367,F15,18,CAC,H,368,800.0
368,F15,19,TTA,L,369,800.0
369,F15,20,CCG,P,370,800.0
370,F15,21,CAG,Q,371,800.0
371,F15,22,CCC,P,372,800.0
372,F15,23,TTT,F,373,800.0
373,F15,24,GTG,V,374,800.0
374,F15,25,AGA,R,375,800.0
375,F16,1,AAT,N,376,800.0
376,F16,2,ATA,I,377,800.0
377,F16,3,ACC,T,378,800.0
378,F16,4,GGA,G,379,800.0
379,F16,5,ATA,I,380,800.0
380,F16,6,AGT,S,381,800.0
381,F16,7,AAT,N,382,800.0
382,F16,8,TCT,S,383,800.0
383,F16,9,GAG,E,384,800.0
384,F16,10,CTA,L,385,800.0
385,F16,11,CTA,L,386,800.0
386,F16,12,AGC,S,387,800.0
387,F16,13,GAA,E,388,800.0
388,F16,14,ATG,M,389,800.0
389,F16,15,AAT,N,390,800.0
390,F16,16,AAT,N,391,800.0
391,F16,17,GAT,D,392,800.0
392,F16,18,ATC,I,393,800.0
393,F16,19,AGC,S,394,800.0
394,F16,20,ATG,M,395,800.0
395,F16,21,TTT,F,396,800.0
396,F16,22,GGC,G,397,800.0
397,F16,23,ATT,I,398,800.0
398,F16,24,TTA,L,399,800.0
399,F16,25,TTG,L,400,800.0
400,F17,1,AAG,K,401,800.0
401,F17,2,ATG,M,402,800.0
402,F17,3,TTG,L,403,800.0
403,F17,4,GAT,D,404,800.0
404,F17,5,ATG,M,405,800.0
405,F17,6,CAT,H,406,800.0
406,F17,7,AAA,K,407,800.0
407,F17,8,AAT,N,408,800.0
408,F17,9,TCC,S,409,800.0
409,F17,10,TAC,Y,410,800.0
410,F17,11,CAG,Q,411,800.0
411,F17,12,AAC,N,412,800.0
412,F17,13,TTC,F,413,800.0
413,F17,14,CTA,L,414,800.0
414,F17,15,ATG,M,415,800.0
415,F17,16,GAA,E,416,800.0
416,F17,17,ATC,I,417,800.0
417,F17,18,ACA,T,418,800.0
418,F17,19,TCT,S,419,800.0
419,F17,20,AAC,N,420,800.0
420,F17,21,CCC,P,421,800.0
421,F17,22,TCC,S,422,800.0
422,F17,23,GTG,V,423,800.0
423,F17,24,GCT,A,424,800.0
424,F17,25,AAA,K,425,800.0
425,F18,1,AAC,N,426,800.0
426,F18,2,ACG,T,427,800.0
427,F18,3,CAG,Q,428,800.0
428,F18,4,TCA,S,429,800.0
429,F18,5,ATT,I,430,800.0
430,F18,6,GAT,D,431,800.0
431,F18,7,GTC,V,432,800.0
432,F18,8,TTG,L,433,800.0
433,F18,9,CAG,Q,434,800.0
434,F18,10,GAA,E,435,800.0
435,F18,11,TTC,F,436,800.0
436,F18,12,ATC,I,437,800.0
437,F18,13,CAT,H,438,800.0
438,F18,14,TAT,Y,439,800.0
439,F18,15,TGT,C,440,800.0
440,F18,16,CAA,Q,441,800.0
441,F18,17,GCT,A,442,800.0
442,F18,18,GGA,G,443,800.0
443,F18,19,GAG,E,444,800.0
444,F18,20,GCG,A,445,800.0
445,F18,21,CTA,L,446,800.0
446,F18,22,ATC,I,447,800.0
447,F18,23,GCC,A,448,800.0
448,F18,24,TTA,L,449,800.0
449,F18,25,TGT,C,450,800.0
450,F19,1,TAC,Y,451,800.0
451,F19,2,AGC,S,452,800.0
452,F19,3,TAT,Y,453,800.0
453,F19,4,TAT,Y,454,800.0
454,F19,5,AAT,N,455,800.0
455,F19,6,TCT,S,456,800.0
456,F19,7,ACA,T,457,800.0
457,F19,8,TTA,L,458,800.0
458,F19,9,TAC,Y,459,800.0
459,F19,10,AAC,N,460,800.0
460,F19,11,TAC,Y,461,800.0
461,F19,12,GTG,V,462,800.0
462,F19,13,GAC,D,463,800.0
463,F19,14,TTC,F,464,800.0
464,F19,15,ACA,T,465,800.0
465,F19,16,TGC,C,466,800.0
466,F19,17,GAC,D,467,800.0
467,F19,18,ATA,I,468,800.0
468,F19,19,ACG,T,469,800.0
469,F19,20,CAT,H,470,800.0
470,F19,21,TTA,L,471,800.0
471,F19,22,GAG,E,472,800.0
472,F19,23,CAA,Q,473,800.0
473,F19,24,CTT,L,474,800.0
474,F19,25,CTA,L,475,800.0
475,F20,1,TAC,Y,476,800.0
476,F20,2,TTT,F,477,800.0
477,F20,3,TTG,L,478,800.0
478,F20,4,GAT,D,479,800.0
479,F20,5,CTG,L,480,800.0
480,F20,6,CTA,L,481,800.0
481,F20,7,TTT,F,482,800.0
482,F20,8,TGG,W,483,800.0
483,F20,9,CTA,L,484,800.0
484,F20,10,TCG,S,485,800.0
485,F20,11,GAA,E,486,800.0
486,F20,12,ATA,I,487,800.0
487,F20,13,TAC,Y,488,800.0
488,F20,14,GGT,G,489,800.0
489,F20,15,TTT,F,490,800.0
490,F20,16,GAA,E,491,800.0
491,F20,17,AAA,K,492,800.0
492,F20,18,GTC,V,493,800.0
493,F20,19,TTG,L,494,800.0
494,F20,20,AAC,N,495,800.0
495,F20,21,GTA,V,496,800.0
496,F20,22,GCA,A,497,800.0
497,F20,23,GTT,V,498,800.0
498,F20,24,CAT,H,499,800.0
499,F20,25,TTT,F,500,800.0
500,F21,1,GTT,V,501,800.0
501,F21,2,TCA,S,502,800.0
502,F21,3,AGA,R,503,800.0
503,F21,4,GTT,V,504,800.0
504,F21,5,GGT,G,505,800.0
505,F21,6,TTA,L,506,800.0
506,F21,7,TCA,S,507,800.0
507,F21,8,AGG,R,508,800.0
508,F21,9,TGG,W,509,800.0
509,F21,10,GAA,E,510,800.0
510,F21,11,TTT,F,511,800.0
511,F21,12,TAC,Y,512,800.0
512,F21,13,GTG,V,513,800.0
513,F21,14,GGT,G,514,800.0
514,F21,15,CTT,L,515,800.0
515,F21,16,GAT,D,516,800.0
516,F21,17,GAA,E,517,800.0
517,F21,18,AAC,N,518,800.0
518,F21,19,TTT,F,519,800.0
519,F21,20,GCT,A,520,800.0
520,F21,21,GAA,E,521,800.0
521,F21,22,AGA,R,522,800.0
522,F21,23,AGA,R,523,800.0
523,F21,24,AGA,R,524,800.0
524,F21,25,AAT,N,525,800.0
525,F22,1,CTC,L,526,800.0
526,F22,2,TGG,W,527,800.0
527,F22,3,TGG,W,528,800.0
528,F22,4,AAA,K,529,800.0
529,F22,5,GCT,A,530,800.0
530,F22,6,TTC,F,531,800.0
531,F22,7,TAT,Y,532,800.0
532,F22,8,TTC,F,533,800.0
533,F22,9,GAG,E,534,800.0
534,F22,10,AAA,K,535,800.0
535,F22,11,ACT,T,536,800.0
536,F22,12,TTA,L,537,800.0
537,F22,13,GCC,A,538,800.0
538,F22,14,TCT,S,539,800.0
539,F22,15,AAA,K,540,800.0
540,F22,16,CTT,L,541,800.0
541,F22,17,GGC,G,542,800.0
542,F22,18,TAT,Y,543,800.0
543,F22,19,CCT,P,544,800.0
544,F22,20,TCG,S,545,800.0
545,F22,21,AAC,N,546,800.0
546,F22,22,ATT,I,547,800.0
547,F22,23,GAT,D,548,800.0
548,F22,24,GAC,D,549,800.0
549,F22,25,TCC,S,550,800.0
550,F23,1,AAA,K,551,800.0
551,F23,2,ATC,I,552,800.0
552,F23,3,AAT,N,553,800.0
553,F23,4,TGT,C,554,800.0
554,F23,5,TTA,L,555,800.0
555,F23,6,TTA,L,556,800.0
556,F23,7,CCT,P,557,800.0
557,F23,8,AAG,K,558,800.0
558,F23,9,AAT,N,559,800.0
559,F23,10,TTT,F,560,800.0
560,F23,11,CGA,R,561,800.0
561,F23,12,GAT,D,562,800.0
562,F23,13,GTT,V,563,800.0
563,F23,14,GGG,G,564,800.0
564,F23,15,TTC,F,565,800.0
565,F23,16,TTG,L,566,800.0
566,F23,17,GAT,D,567,800.0
567,F23,18,AAT,N,568,800.0
568,F23,19,AGA,R,569,800.0
569,F23,20,GAT,D,570,800.0
570,F23,21,TTT,F,571,800.0
571,F23,22,ATC,I,572,800.0
572,F23,23,GAG,E,573,800.0
573,F23,24,AAC,N,574,800.0
574,F23,25,GTC,V,575,800.0
575,F24,1,CAC,H,576,800.0
576,F24,2,TTA,L,577,800.0
577,F24,3,GTT,V,578,800.0
578,F24,4,CGC,R,579,800.0
579,F24,5,AGG,R,580,800.0
580,F24,6,AGC,S,581,800.0
581,F24,7,GAA,E,582,800.0
582,F24,8,GCT,A,583,800.0
583,F24,9,TTT,F,584,800.0
584,F24,10,GAC,D,585,800.0
585,F24,11,AAC,N,586,800.0
586,F24,12,ATG,M,587,800.0
587,F24,13,TGC,C,588,800.0
588,F24,14,ATA,I,589,800.0
589,F24,15,TCC,S,590,800.0
590,F24,16,GAC,D,591,800.0
591,F24,17,TTA,L,592,800.0
592,F24,18,AAA,K,593,800.0
593,F24,19,TAC,Y,594,800.0
594,F24,20,TAT,Y,595,800.0
595,F24,21,GGC,G,596,800.0
596,F24,22,GAA,E,597,800.0
597,F24,23,TTA,L,598,800.0
598,F24,24,GCT,A,599,800.0
599,F24,25,GTC,V,600,800.0
600,F25,1,TTA,L,601,800.0
601,F25,2,CAA,Q,602,800.0
602,F25,3,ATA,I,603,800.0
603,F25,4,GTC,V,604,800.0
604,F25,5,AGC,S,605,800.0
605,F25,6,CAT,H,606,800.0
606,F25,7,TTC,F,607,800.0
607,F25,8,TCA,S,608,800.0
608,F25,9,TCA,S,609,800.0
609,F25,10,TCT,S,610,800.0
610,F25,11,GTT,V,611,800.0
611,F25,12,TTA,L,612,800.0
612,F25,13,TTC,F,613,800.0
613,F25,14,AAT,N,614,800.0
614,F25,15,GAA,E,615,800.0
615,F25,16,AAA,K,616,800.0
616,F25,17,TTC,F,617,800.0
617,F25,18,ACG,T,618,800.0
618,F25,19,TCA,S,619,800.0
619,F25,20,ATT,I,620,800.0
620,F25,21,AGG,R,621,800.0
621,F25,22,AAT,N,622,800.0
622,F25,23,ACA,T,623,800.0
623,F25,24,TCA,S,624,800.0
624,F25,25,AAA,K,625,800.0
625,F26,1,CCA,P,626,800.0
626,F26,2,TCT,S,627,800.0
627,F26,3,GTT,V,628,800.0
628,F26,4,GTT,V,629,800.0
629,F26,5,AGA,R,630,800.0
630,F26,6,GAG,E,631,800.0
631,F26,7,AAA,K,632,800.0
632,F26,8,CTA,L,633,800.0
633,F26,9,CTC,L,634,800.0
634,F26,10,TTC,F,635,800.0
635,F26,11,GAG,E,636,800.0
636,F26,12,GTA,V,637,800.0
637,F26,13,CTC,L,638,800.0
638,F26,14,GAG,E,639,800.0
639,F26,15,ATT,I,640,800.0
640,F26,16,TTT,F,641,800.0
641,F26,17,AAC,N,642,800.0
642,F26,18,GAA,E,643,800.0
643,F26,19,ACA,T,644,800.0
644,F26,20,GAA,E,645,800.0
645,F26,21,ATG,M,646,800.0
646,F26,22,AAA,K,647,800.0
647,F26,23,TAT,Y,648,800.0
648,F26,24,GAT,D,649,800.0
649,F26,25,GCT,A,650,800.0
650,F27,1,ATC,I,651,800.0
651,F27,2,AAA,K,652,800.0
652,F27,3,GAG,E,653,800.0
653,F27,4,CAA,Q,654,800.0
654,F27,5,ACT,T,655,800.0
655,F27,6,GGA,G,656,800.0
656,F27,7,AAA,K,657,800.0
657,F27,8,TTG,L,658,800.0
658,F27,9,TTC,F,659,800.0
659,F27,10,GAT,D,660,800.0
660,F27,11,ATT,I,661,800.0
661,F27,12,GCA,A,662,800.0
662,F27,13,TTC,F,663,800.0
663,F27,14,TCT,S,664,800.0
664,F27,15,AAA,K,665,800.0
665,F27,16,GAT,D,666,800.0
666,F27,17,AGT,S,667,800.0
667,F27,18,ACT,T,668,800.0
668,F27,19,GAA,E,669,800.0
669,F27,20,CTC,L,670,800.0
670,F27,21,AAA,K,671,800.0
671,F27,22,GTT,V,672,800.0
672,F27,23,TCA,S,673,800.0
673,F27,24,AGA,R,674,800.0
674,F27,25,GAG,E,675,800.0
675,F28,1,GAT,D,676,800.0
676,F28,2,AAG,K,677,800.0
677,F28,3,ATT,I,678,800.0
678,F28,4,ATG,M,679,800.0
679,F28,5,GCT,A,680,800.0
680,F28,6,TCA,S,681,800.0
681,F28,7,AAA,K,682,800.0
682,F28,8,TTT,F,683,800.0
683,F28,9,GTT,V,684,800.0
684,F28,10,CTA,L,685,800.0
685,F28,11,TTT,F,686,800.0
686,F28,12,TAC,Y,687,800.0
687,F28,13,GAG,E,688,800.0
688,F28,14,CAC,H,689,800.0
689,F28,15,CAT,H,690,800.0
690,F28,16,TTC,F,691,800.0
691,F28,17,TGC,C,692,800.0
692,F28,18,AGA,R,693,800.0
693,F28,19,ATG,M,694,800.0
694,F28,20,GTT,V,695,800.0
695,F28,21,AAC,N,696,800.0
696,F28,22,GAA,E,697,800.0
697,F28,23,TCT,S,698,800.0
698,F28,24,GAT,D,699,800.0
699,F28,25,AAT,N,700,800.0
700,F29,1,ATT,I,701,800.0
701,F29,2,GTC,V,702,800.0
702,F29,3,GCC,A,703,800.0
703,F29,4,AGA,R,704,800.0
704,F29,5,TTA,L,705,800.0
705,F29,6,TGC,C,706,800.0
706,F29,7,GTG,V,707,800.0
707,F29,8,CAC,H,708,800.0
708,F29,9,AGA,R,709,800.0
709,F29,10,AGG,R,710,800.0
710,F29,11,CCC,P,711,800.0
711,F29,12,TCA,S,712,800.0
712,F29,13,ATA,I,713,800.0
713,F29,14,CTA,L,714,800.0
714,F29,15,ATT,I,715,800.0
715,F29,16,GAA,E,716,800.0
716,F29,17,AAC,N,717,800.0
717,F29,18,TTG,L,718,800.0
718,F29,19,AAA,K,719,800.0
719,F29,20,ATA,I,720,800.0
720,F29,21,TAC,Y,721,800.0
721,F29,22,CTT,L,722,800.0
722,F29,23,CAC,H,723,800.0
723,F29,24,AAG,K,724,800.0
724,F29,25,ATT,I,725,800.0
725,F30,1,TAC,Y,726,800.0
726,F30,2,AAA,K,727,800.0
727,F30,3,TCA,S,728,800.0
728,F30,4,TGG,W,729,800.0
729,F30,5,ACC,T,730,800.0
730,F30,6,GAT,D,731,800.0
731,F30,7,ATG,M,732,800.0
732,F30,8,AAC,N,733,800.0
733,F30,9,AAA,K,734,800.0
734,F30,10,ATC,I,735,800.0
735,F30,11,TTA,L,736,800.0
736,F30,12,TTA,L,737,800.0
737,F30,13,GAC,D,738,800.0
738,F30,14,TTT,F,739,800.0
739,F30,15,GAC,D,740,800.0
740,F30,16,AAC,N,741,800.0
741,F30,17,GAT,D,742,800.0
742,F30,18,TAT,Y,743,800.0
743,F30,19,TCC,S,744,800.0
744,F30,20,GTA,V,745,800.0
745,F30,21,TAC,Y,746,800.0
746,F30,22,CGT,R,747,800.0
747,F30,23,TCG,S,748,800.0
748,F30,24,TTC,F,749,800.0
749,F30,25,GCC,A,750,800.0
750,F31,1,CAT,H,751,800.0
751,F31,2,TAT,Y,752,800.0
752,F31,3,TCT,S,753,800.0
753,F31,4,ATC,I,754,800.0
754,F31,5,AGT,S,755,800.0
755,F31,6,TGC,C,756,800.0
756,F31,7,ATT,I,757,800.0
757,F31,8,ATT,I,758,800.0
758,F31,9,TTG,L,759,800.0
759,F31,10,GTA,V,760,800.0
760,F31,11,TCA,S,761,800.0
761,F31,12,CAA,Q,762,800.0
762,F31,13,GCA,A,763,800.0
763,F31,14,TTC,F,764,800.0
764,F31,15,TCA,S,765,800.0
765,F31,16,GTG,V,766,800.0
766,F31,17,GCC,A,767,800.0
767,F31,18,GAA,E,768,800.0
768,F31,19,TTC,F,769,800.0
769,F31,20,ATT,I,770,800.0
770,F31,21,AAG,K,771,800.0
771,F31,22,GTA,V,772,800.0
772,F31,23,AAT,N,773,800.0
773,F31,24,GAC,D,774,800.0
774,F31,25,GTT,V,775,800.0
775,F32,1,GTG,V,776,800.0
776,F32,2,AAT,N,777,800.0
777,F32,3,ATG,M,778,800.0
778,F32,4,ATT,I,779,800.0
779,F32,5,AGA,R,780,800.0
780,F32,6,GTC,V,781,800.0
781,F32,7,TTC,F,782,800.0
782,F32,8,AAA,K,783,800.0
783,F32,9,AGA,R,784,800.0
784,F32,10,TTT,F,785,800.0
785,F32,11,TTG,L,786,800.0
786,F32,12,GAT,D,787,800.0
787,F32,13,ATA,I,788,800.0
788,F32,14,AAA,K,789,800.0
789,F32,15,ATT,I,790,800.0
790,F32,16,TTT,F,791,800.0
791,F32,17,TCC,S,792,800.0
792,F32,18,GAA,E,793,800.0
793,F32,19,AAT,N,794,800.0
794,F32,20,GAA,E,795,800.0
795,F32,21,ACA,T,796,800.0
796,F32,22,AAT,N,797,800.0
797,F32,23,GAG,E,798,800.0
798,F32,24,CAT,H,799,800.0
799,F32,25,GTC,V,800,800.0
800,F33,1,TTC,F,801,800.0
801,F33,2,AAC,N,802,800.0
802,F33,3,AGC,S,803,800.0
803,F33,4,CAA,Q,804,800.0
804,F33,5,AGC,S,805,800.0
805,F33,6,TTT,F,806,800.0
806,F33,7,AAA,K,807,800.0
807,F33,8,GAC,D,808,800.0
808,F33,9,TAT,Y,809,800.0
809,F33,10,ACA,T,810,800.0
810,F33,11,AGA,R,811,800.0
811,F33,12,GCT,A,812,800.0
812,F33,13,TTT,F,813,800.0
813,F33,14,TCT,S,814,800.0
814,F33,15,TTC,F,815,800.0
815,F33,16,CTG,L,816,800.0
816,F33,17,ACA,T,817,800.0
817,F33,18,ATC,I,818,800.0
818,F33,19,GTC,V,819,800.0
819,F33,20,ACT,T,820,800.0
820,F33,21,CGT,R,821,800.0
821,F33,22,ATC,I,822,800.0
822,F33,23,ATG,M,823,800.0
823,F33,24,CTT,L,824,800.0
824,F33,25,TTG,L,825,800.0
825,F34,1,GCA,A,826,800.0
826,F34,2,TAC,Y,827,800.0
827,F34,3,GGA,G,828,800.0
828,F34,4,GAG,E,829,800.0
829,F34,5,TCC,S,830,800.0
830,F34,6,TCT,S,831,800.0
831,F34,7,AGC,S,832,800.0
832,F34,8,ACC,T,833,800.0
833,F34,9,AAC,N,834,800.0
834,F34,10,CTC,L,835,800.0
835,F34,11,GAT,D,836,800.0
836,F34,12,GTT,V,837,800.0
837,F34,13,ATC,I,838,800.0
838,F34,14,TCC,S,839,800.0
839,F34,15,AAA,K,840,800.0
840,F34,16,TAT,Y,841,800.0
841,F34,17,ATT,I,842,800.0
842,F34,18,GAT,D,843,800.0
843,F34,19,GAG,E,844,800.0
844,F34,20,AAT,N,845,800.0
845,F34,21,GCG,A,846,800.0
846,F34,22,CCA,P,847,800.0
847,F34,23,GAT,D,848,800.0
848,F34,24,TTA,L,849,800.0
849,F34,25,AAA,K,850,800.0
850,F35,1,GGT,G,851,800.0
851,F35,2,ATA,I,852,800.0
852,F35,3,ATA,I,853,800.0
853,F35,4,GAA,E,854,800.0
854,F35,5,CTT,L,855,800.0
855,F35,6,GTC,V,856,800.0
856,F35,7,TTG,L,857,800.0
857,F35,8,GAT,D,858,800.0
858,F35,9,ACA,T,859,800.0
859,F35,10,AAC,N,860,800.0
860,F35,11,TCT,S,861,800.0
861,F35,12,TGC,C,862,800.0
862,F35,13,GCT,A,863,800.0
863,F35,14,TAT,Y,864,800.0
864,F35,15,CGA,R,865,800.0
865,F35,16,TTT,F,866,800.0
866,F35,17,TTA,L,867,800.0
867,F35,18,TTA,L,868,800.0
868,F35,19,GAA,E,869,800.0
869,F35,20,CCT,P,870,800.0
870,F35,21,GTT,V,871,800.0
871,F35,22,CAG,Q,872,800.0
872,F35,23,AAG,K,873,800.0
873,F35,24,TCA,S,874,800.0
874,F35,25,GGA,G,875,800.0
875,F36,1,TTC,F,876,800.0
876,F36,2,CAT,H,877,800.0
877,F36,3,TTA,L,878,800.0
878,F36,4,ACC,T,879,800.0
879,F36,5,GTA,V,880,800.0
880,F36,6,TCA,S,881,800.0
881,F36,7,CAA,Q,882,800.0
882,F36,8,ATG,M,883,800.0
883,F36,9,TTG,L,884,800.0
884,F36,10,AAA,K,885,800.0
885,F36,11,AAT,N,886,800.0
886,F36,12,AGA,R,887,800.0
887,F36,13,AAG,K,888,800.0
888,F36,14,TTT,F,889,800.0
889,F36,15,CAG,Q,890,800.0
890,F36,16,GAA,E,891,800.0
891,F36,17,CCA,P,892,800.0
892,F36,18,CTA,L,893,800.0
893,F36,19,ATG,M,894,800.0
894,F36,20,TCA,S,895,800.0
895,F36,21,AAT,N,896,800.0
896,F36,22,GAA,E,897,800.0
897,F36,23,GAT,D,898,800.0
898,F36,24,AAT,N,899,800.0
899,F36,25,AAG,K,900,800.0
900,F37,1,CAG,Q,901,800.0
901,F37,2,ATG,M,902,800.0
902,F37,3,AAG,K,903,800.0
903,F37,4,CAT,H,904,800.0
904,F37,5,AAT,N,905,800.0
905,F37,6,TCG,S,906,800.0
906,F37,7,GGA,G,907,800.0
907,F37,8,AAA,K,908,800.0
908,F37,9,AAT,N,909,800.0
909,F37,10,TTG,L,910,800.0
910,F37,11,AAT,N,911,800.0
911,F37,12,CCG,P,912,800.0
912,F37,13,GAT,D,913,800.0
913,F37,14,CTC,L,914,800.0
914,F37,15,CCA,P,915,800.0
915,F37,16,AGT,S,916,800.0
916,F37,17,CTT,L,917,800.0
917,F37,18,AAG,K,918,800.0
918,F37,19,ACG,T,919,800.0
919,F37,20,GGC,G,920,800.0
920,F37,21,ACT,T,921,800.0
921,F37,22,TCA,S,922,800.0
922,F37,23,TGC,C,923,800.0
923,F37,24,TTA,L,924,800.0
924,F37,25,CTA,L,925,800.0
925,F38,1,AAT,N,926,800.0
926,F38,2,GGC,G,927,800.0
927,F38,3,ATT,I,928,800.0
928,F38,4,GAA,E,929,800.0
929,F38,5,TCG,S,930,800.0
930,F38,6,CCT,P,931,800.0
931,F38,7,CAA,Q,932,800.0
932,F38,8,TTG,L,933,800.0
933,F38,9,CCA,P,934,800.0
934,F38,10,TTC,F,935,800.0
935,F38,11,AAT,N,936,800.0
936,F38,12,GGT,G,937,800.0
937,F38,13,CGC,R,938,800.0
938,F38,14,TCA,S,939,800.0
939,F38,15,GCA,A,940,800.0
940,F38,16,CCT,P,941,800.0
941,F38,17,TCC,S,942,800.0
942,F38,18,CCA,P,943,800.0
943,F38,19,GTG,V,944,800.0
944,F38,20,AGA,R,945,800.0
945,F38,21,AAC,N,946,800.0
946,F38,22,AAC,N,947,800.0
947,F38,23,TCA,S,948,800.0
948,F38,24,CTA,L,949,800.0
949,F38,25,CCG,P,950,800.0
950,F39,1,GAG,E,951,800.0
951,F39,2,TTT,F,952,800.0
952,F39,3,GCA,A,953,800.0
953,F39,4,CAA,Q,954,800.0
954,F39,5,TTG,L,955,800.0
955,F39,6,CCT,P,956,800.0
956,F39,7,TCA,S,957,800.0
957,F39,8,TTT,F,958,800.0
958,F39,9,AGG,R,959,800.0
959,F39,10,TCA,S,960,800.0
960,F39,11,TTA,L,961,800.0
961,F39,12,TCC,S,962,800.0
962,F39,13,GTG,V,963,800.0
963,F39,14,TCT,S,964,800.0
964,F39,15,GAT,D,965,800.0
965,F39,16,ATG,M,966,800.0
966,F39,17,ATC,I,967,800.0
967,F39,18,AAT,N,968,800.0
968,F39,19,CCC,P,969,800.0
969,F39,20,GAT,D,970,800.0
970,F39,21,TAC,Y,971,800.0
971,F39,22,GCG,A,972,800.0
972,F39,23,CAA,Q,973,800.0
973,F39,24,CCA,P,974,800.0
974,F39,25,ACA,T,975,800.0
975,F40,1,AAT,N,976,800.0
976,F40,2,GGG,G,977,800.0
977,F40,3,CAA,Q,978,800.0
978,F40,4,AAT,N,979,800.0
979,F40,5,AAT,N,980,800.0
980,F40,6,ACG,T,981,800.0
981,F40,7,CAA,Q,982,800.0
982,F40,8,GTC,V,983,800.0
983,F40,9,CAA,Q,984,800.0
984,F40,10,TCT,S,985,800.0
985,F40,11,AAT,N,986,800.0
986,F40,12,AAA,K,987,800.0
987,F40,13,CCA,P,988,800.0
988,F40,14,ATC,I,989,800.0
989,F40,15,AAT,N,990,800.0
990,F40,16,GCT,A,991,800.0
991,F40,17,CAG,Q,992,800.0
992,F40,18,CAG,Q,993,800.0
993,F40,19,CAA,Q,994,800.0
994,F40,20,ATA,I,995,800.0
995,F40,21,CCC,P,996,800.0
996,F40,22,ACT,T,997,800.0
997,F40,23,TCA,S,998,800.0
998,F40,24,GTA,V,999,800.0
999,F40,25,CAA,Q,1000,800.0
1000,F41,1,GTA,V,1001,800.0
1001,F41,2,CCA,P,1002,800.0
1002,F41,3,TTT,F,1003,800.0
1003,F41,4,ATG,M,1004,800.0
1004,F41,5,AAC,N,1005,800.0
1005,F41,6,ACA,T,1006,800.0
1006,F41,7,AAT,N,1007,800.0
1007,F41,8,GAA,E,1008,800.0
1008,F41,9,ATC,I,1009,800.0
1009,F41,10,AAT,N,1010,800.0
1010,F41,11,AAC,N,1011,800.0
1011,F41,12,AAC,N,1012,800.0
1012,F41,13,AAC,N,1013,800.0
1013,F41,14,AAC,N,1014,800.0
1014,F41,15,AAC,N,1015,800.0
1015,F41,16,AAC,N,1016,800.0
1016,F41,17,AAC,N,1017,800.0
1017,F41,18,AAC,N,1018,800.0
1018,F41,19,AAT,N,1019,800.0
1019,F41,20,AAA,K,1020,800.0
1020,F41,21,AAC,N,1021,800.0
1021,F41,22,AAT,N,1022,800.0
1022,F41,23,ATT,I,1023,800.0
1023,F41,24,AAC,N,1024,800.0
1024,F41,25,AAT,N,1025,800.0
1025,F42,1,ATT,I,1026,800.0
1026,F42,2,AAC,N,1027,800.0
1027,F42,3,AAC,N,1028,800.0
1028,F42,4,AAC,N,1029,800.0
1029,F42,5,AAC,N,1030,800.0
1030,F42,6,AGT,S,1031,800.0
1031,F42,7,AAC,N,1032,800.0
1032,F42,8,AAT,N,1033,800.0
1033,F42,9,TTT,F,1034,800.0
1034,F42,10,TCT,S,1035,800.0
1035,F42,11,GCA,A,1036,800.0
1036,F42,12,ACT,T,1037,800.0
1037,F42,13,AGT,S,1038,800.0
1038,F42,14,TTT,F,1039,800.0
1039,F42,15,AAT,N,1040,800.0
1040,F42,16,TTG,L,1041,800.0
1041,F42,17,GGG,G,1042,800.0
1042,F42,18,ACA,T,1043,800.0
1043,F42,19,CTA,L,1044,800.0
1044,F42,20,GAT,D,1045,800.0
1045,F42,21,GAA,E,1046,800.0
1046,F42,22,TTT,F,1047,800.0
1047,F42,23,GTT,V,1048,800.0
1048,F42,24,AAT,N,1049,800.0
1049,F42,25,AAC,N,1050,800.0
1050,F43,1,GGT,G,1051,576.0
1051,F43,2,GAT,D,1052,576.0
1052,F43,3,CTT,L,1053,576.0
1053,F43,4,GAG,E,1054,576.0
1054,F43,5,GAC,D,1055,576.0
1055,F43,6,CTC,L,1056,576.0
1056,F43,7,TAC,Y,1057,576.0
1057,F43,8,AGT,S,1058,576.0
1058,F43,9,ATC,I,1059,576.0
1059,F43,10,CTG,L,1060,576.0
1060,F43,11,TGG,W,1061,576.0
1061,F43,12,AGC,S,1062,576.0
1062,F43,13,GAC,D,1063,576.0
1063,F43,14,GTT,V,1064,576.0
1064,F43,15,TAT,Y,1065,576.0
1065,F43,16,CCA,P,1066,576.0
1066,F43,17,GAT,D,1067,576.0
1067,F43,18,AGT,S,1068,576.0
1068,F43,19,TAA,*,1069,576.0
